STATUS_DEFINITION,SITE_NAME,ZONE_NAME,ITEM_TYPE,ITEM_NAME,STATUS_VALUE
/TPI-FEED-PROGRESS/EQUI/VENDOR,/1300-INT-EQ,/1300-INT-EQ-GENERATOR,EQUI,/NEW-Diesel-power-generator,30
/TPI-FEED-PROGRESS/EQUI/VENDOR,/021-WPR-EQ,/021-WPR-EQ-GEN,EQUI,/021102BE101,30
/TPI-FEED-PROGRESS/EQUI/VENDOR,/022-FLM-EQ,/022-FLM-EQ-ML,EQUI,/021200ML002,30
/TPI-FEED-PROGRESS/EQUI/VENDOR,/022-FLM-EQ,/022-FLM-EQ-ML,EQUI,/021200ML025,30
/TPI-FEED-PROGRESS/EQUI/VENDOR,/022-FLM-EQ,/022-FML-EQ-CV,EQUI,/021200CV004B,30
/TPI-FEED-PROGRESS/EQUI/VENDOR,/022-FLM-EQ,/022-FML-EQ-RF,EQUI,/021200RF043,30
/TPI-FEED-PROGRESS/EQUI/VENDOR,/022-FLM-EQ,/022-FLM-EQ-ML,EQUI,/021200ML003,30
/TPI-FEED-PROGRESS/EQUI/VENDOR,/022-FLM-EQ,/022-FLM-EQ-ML,EQUI,/021200ML026,30
/TPI-FEED-PROGRESS/EQUI/VENDOR,/022-FLM-EQ,/022-FML-EQ-CV,EQUI,/021200CV004A,30
/TPI-FEED-PROGRESS/EQUI/VENDOR,/022-FLM-EQ,/022-FLM-EQ-ML,EQUI,/021200ML004,30
/TPI-FEED-PROGRESS/EQUI/VENDOR,/022-FLM-EQ,/022-FLM-EQ-ML,EQUI,/021200ML038,30
/TPI-FEED-PROGRESS/EQUI/VENDOR,/022-FLM-EQ,/022-FML-EQ-CV,EQUI,/021200CV003B,30
/TPI-FEED-PROGRESS/EQUI/VENDOR,/022-FLM-EQ,/022-FML-EQ-RF,EQUI,/021200RF039,30
/TPI-FEED-PROGRESS/EQUI/VENDOR,/022-FLM-EQ,/022-FLM-EQ-ML,EQUI,/021200ML016,30
/TPI-FEED-PROGRESS/EQUI/VENDOR,/022-FLM-EQ,/022-FLM-EQ-ML,EQUI,/021200ML031,30
/TPI-FEED-PROGRESS/EQUI/VENDOR,/022-FLM-EQ,/022-FML-EQ-CV,EQUI,/021200CV006A,30
/TPI-FEED-PROGRESS/EQUI/VENDOR,/022-FLM-EQ,/022-FLM-EQ-ML,EQUI,/021200ML009,30
/TPI-FEED-PROGRESS/EQUI/VENDOR,/022-FLM-EQ,/022-FLM-EQ-ML,EQUI,/021200ML039,30
/TPI-FEED-PROGRESS/EQUI/VENDOR,/022-FLM-EQ,/022-FML-EQ-CV,EQUI,/021200CV006B,30
/TPI-FEED-PROGRESS/EQUI/VENDOR,/022-FLM-EQ,/022-FML-EQ-RF,EQUI,/021200RF031,30
/TPI-FEED-PROGRESS/EQUI/VENDOR,/022-FLM-EQ,/022-FLM-EQ-ML,EQUI,/021200ML017,30
/TPI-FEED-PROGRESS/EQUI/VENDOR,/022-FLM-EQ,/022-FLM-EQ-ML,EQUI,/021200ML032,30
/TPI-FEED-PROGRESS/EQUI/VENDOR,/022-FLM-EQ,/022-FML-EQ-CV,EQUI,/021200CV003A,30
/TPI-FEED-PROGRESS/EQUI/VENDOR,/022-FLM-EQ,/022-FLM-EQ-ML,EQUI,/021200ML010,30
/TPI-FEED-PROGRESS/EQUI/VENDOR,/022-FLM-EQ,/022-FLM-EQ-ML,EQUI,/021200ML022,30
/TPI-FEED-PROGRESS/EQUI/VENDOR,/022-FLM-EQ,/022-FML-EQ-CV,EQUI,/021200CV001A,30
/TPI-FEED-PROGRESS/EQUI/VENDOR,/022-FLM-EQ,/022-FML-EQ-RF,EQUI,/021200RF007,30
/TPI-FEED-PROGRESS/EQUI/VENDOR,/022-FLM-EQ,/022-FML-EQ-RF,EQUI,/021200RF002,30
/TPI-FEED-PROGRESS/EQUI/VENDOR,/022-FLM-EQ,/022-FML-EQ-RF,EQUI,/021200RF041,30
/TPI-FEED-PROGRESS/EQUI/VENDOR,/022-FLM-EQ,/022-FLM-EQ-ML,EQUI,/021200ML033,30
/TPI-FEED-PROGRESS/EQUI/VENDOR,/022-FLM-EQ,/022-FML-EQ-CV,EQUI,/021200CV001B,30
/TPI-FEED-PROGRESS/EQUI/VENDOR,/022-FLM-EQ,/022-FLM-EQ-ML,EQUI,/021200ML011,30
/TPI-FEED-PROGRESS/EQUI/VENDOR,/022-FLM-EQ,/022-FLM-EQ-ML,EQUI,/021200ML029,30
/TPI-FEED-PROGRESS/EQUI/VENDOR,/022-FLM-EQ,/022-FLM-EQ-ML,EQUI,/021200ML041,30
/TPI-FEED-PROGRESS/EQUI/VENDOR,/022-FLM-EQ,/022-FLM-EQ-ML,EQUI,/021200ML019,30
/TPI-FEED-PROGRESS/EQUI/VENDOR,/022-FLM-EQ,/022-FLM-EQ-ML,EQUI,/021200ML040,30
/TPI-FEED-PROGRESS/EQUI/VENDOR,/022-FLM-EQ,/022-FLM-EQ-ML,EQUI,/021200ML034,30
/TPI-FEED-PROGRESS/EQUI/VENDOR,/022-FLM-EQ,/022-FML-EQ-FR,EQUI,/021200FR002,30
/TPI-FEED-PROGRESS/EQUI/VENDOR,/022-FLM-EQ,/022-FLM-EQ-ML,EQUI,/021200ML012,30
/TPI-FEED-PROGRESS/EQUI/VENDOR,/022-FLM-EQ,/022-FLM-EQ-ML,EQUI,/021200ML042,30
/TPI-FEED-PROGRESS/EQUI/VENDOR,/022-FLM-EQ,/022-FML-EQ-FR,EQUI,/021200FR013,30
/TPI-FEED-PROGRESS/EQUI/VENDOR,/022-FLM-EQ,/022-FML-EQ-RF,EQUI,/021200RF015,30
/TPI-FEED-PROGRESS/EQUI/VENDOR,/022-FLM-EQ,/022-FLM-EQ-ML,EQUI,/021200ML020,30
/TPI-FEED-PROGRESS/EQUI/VENDOR,/022-FLM-EQ,/022-FLM-EQ-ML,EQUI,/021200ML035,30
/TPI-FEED-PROGRESS/EQUI/VENDOR,/022-FLM-EQ,/022-FML-EQ-FR,EQUI,/021200FR004,30
/TPI-FEED-PROGRESS/EQUI/VENDOR,/022-FLM-EQ,/022-FLM-EQ-ML,EQUI,/021200ML013,30
/TPI-FEED-PROGRESS/EQUI/VENDOR,/022-FLM-EQ,/022-FLM-EQ-ML,EQUI,/021200ML043,30
/TPI-FEED-PROGRESS/EQUI/VENDOR,/022-FLM-EQ,/022-FML-EQ-FR,EQUI,/021200FR010,30
/TPI-FEED-PROGRESS/EQUI/VENDOR,/022-FLM-EQ,/022-FLM-EQ-ML,EQUI,/021200ML021,30
/TPI-FEED-PROGRESS/EQUI/VENDOR,/022-FLM-EQ,/022-FLM-EQ-ML,EQUI,/021200ML036,30
/TPI-FEED-PROGRESS/EQUI/VENDOR,/022-FLM-EQ,/022-FML-EQ-FR,EQUI,/021200FR001,30
/TPI-FEED-PROGRESS/EQUI/VENDOR,/022-FLM-EQ,/022-FLM-EQ-ML,EQUI,/021200ML014,30
/TPI-FEED-PROGRESS/EQUI/VENDOR,/022-FLM-EQ,/022-FLM-EQ-ML,EQUI,/021200ML044,30
/TPI-FEED-PROGRESS/EQUI/VENDOR,/022-FLM-EQ,/022-FML-EQ-FR,EQUI,/021200FR012,30
/TPI-FEED-PROGRESS/EQUI/VENDOR,/022-FLM-EQ,/022-FML-EQ-RF,EQUI,/021200RF011,30
/TPI-FEED-PROGRESS/EQUI/VENDOR,/022-FLM-EQ,/022-FML-EQ-RF,EQUI,/021200RF052,30
/TPI-FEED-PROGRESS/EQUI/VENDOR,/022-FLM-EQ,/022-FML-EQ-RF,EQUI,/021200RF013,30
/TPI-FEED-PROGRESS/EQUI/VENDOR,/022-FLM-EQ,/022-FLM-EQ-ML,EQUI,/021200ML037,30
/TPI-FEED-PROGRESS/EQUI/VENDOR,/022-FLM-EQ,/022-FLM-EQ-ML,EQUI,/021200ML015,30
/TPI-FEED-PROGRESS/EQUI/VENDOR,/022-FLM-EQ,/022-FML-EQ-SC,EQUI,/021200SC009,30
/TPI-FEED-PROGRESS/EQUI/VENDOR,/022-FLM-EQ,/022-FML-EQ-FR,EQUI,/021200FR011,30
/TPI-FEED-PROGRESS/EQUI/VENDOR,/022-FLM-EQ,/022-FML-EQ-SC,EQUI,/021200SC014,30
/TPI-FEED-PROGRESS/EQUI/VENDOR,/022-FLM-EQ,/022-FML-EQ-SC,EQUI,/021200SC018,30
/TPI-FEED-PROGRESS/EQUI/VENDOR,/022-FLM-EQ,/022-FML-EQ-SC,EQUI,/021200SC023,30
/TPI-FEED-PROGRESS/EQUI/VENDOR,/022-FLM-EQ,/022-FML-EQ-SC,EQUI,/021200SC024,30
/TPI-FEED-PROGRESS/EQUI/VENDOR,/022-FLM-EQ,/022-FML-EQ-FR,EQUI,/021200FR008,30
/TPI-FEED-PROGRESS/EQUI/VENDOR,/022-FLM-EQ,/022-FML-EQ-RF,EQUI,/021200RF003,30
/TPI-FEED-PROGRESS/EQUI/VENDOR,/022-FLM-EQ,/022-FML-EQ-SC,EQUI,/021200SC025,30
/TPI-FEED-PROGRESS/EQUI/VENDOR,/022-FLM-EQ,/022-FML-EQ-SC,EQUI,/021200SC026,30
/TPI-FEED-PROGRESS/EQUI/VENDOR,/022-FLM-EQ,/022-FML-EQ-SC,EQUI,/021200SC019,30
/TPI-FEED-PROGRESS/EQUI/VENDOR,/022-FLM-EQ,/022-FML-EQ-SC,EQUI,/021200SC020,30
/TPI-FEED-PROGRESS/EQUI/VENDOR,/022-FLM-EQ,/022-FML-EQ-FR,EQUI,/021200FR003,30
/TPI-FEED-PROGRESS/EQUI/VENDOR,/022-FLM-EQ,/022-FML-EQ-SC,EQUI,/021200SC021,30
/TPI-FEED-PROGRESS/EQUI/VENDOR,/022-FLM-EQ,/022-FML-EQ-SC,EQUI,/021200SC022,30
/TPI-FEED-PROGRESS/EQUI/VENDOR,/022-FLM-EQ,/022-FLM-EQ-ML,EQUI,/021200ML018,30
/TPI-FEED-PROGRESS/EQUI/VENDOR,/022-FLM-EQ,/022-FML-EQ-SC,EQUI,/021200SC015,30
/TPI-FEED-PROGRESS/EQUI/VENDOR,/022-FLM-EQ,/022-FML-EQ-SC,EQUI,/021200SC016,30
/TPI-FEED-PROGRESS/EQUI/VENDOR,/022-FLM-EQ,/022-FML-EQ-FR,EQUI,/021200FR007,30
/TPI-FEED-PROGRESS/EQUI/VENDOR,/022-FLM-EQ,/022-FML-EQ-RF,EQUI,/021200RF051,30
/TPI-FEED-PROGRESS/EQUI/VENDOR,/022-FLM-EQ,/022-FML-EQ-RF,EQUI,/021200RF056,30
/TPI-FEED-PROGRESS/EQUI/VENDOR,/022-FLM-EQ,/022-FML-EQ-RF,EQUI,/021200RF037,30
/TPI-FEED-PROGRESS/EQUI/VENDOR,/022-FLM-EQ,/022-FLM-EQ-SI,EQUI,/021200SI006B,30
/TPI-FEED-PROGRESS/EQUI/VENDOR,/022-FLM-EQ,/022-FML-EQ-SC,EQUI,/021200SC017,30
/TPI-FEED-PROGRESS/EQUI/VENDOR,/022-FLM-EQ,/022-FML-EQ-SC,EQUI,/021200SC010,30
/TPI-FEED-PROGRESS/EQUI/VENDOR,/022-FLM-EQ,/022-FML-EQ-FR,EQUI,/021200FR005,30
/TPI-FEED-PROGRESS/EQUI/VENDOR,/022-FLM-EQ,/022-FML-EQ-SC,EQUI,/021200SC011,30
/TPI-FEED-PROGRESS/EQUI/VENDOR,/022-FLM-EQ,/022-FML-EQ-SC,EQUI,/021200SC012,30
/TPI-FEED-PROGRESS/EQUI/VENDOR,/022-FLM-EQ,/022-FML-EQ-FR,EQUI,/021200FR009,30
/TPI-FEED-PROGRESS/EQUI/VENDOR,/022-FLM-EQ,/022-FML-EQ-RF,EQUI,/021200RF055,30
/TPI-FEED-PROGRESS/EQUI/VENDOR,/022-FLM-EQ,/022-FML-EQ-SC,EQUI,/021200SC013,30
/TPI-FEED-PROGRESS/EQUI/VENDOR,/022-FLM-EQ,/022-FML-EQ-SC,EQUI,/021200SC00_TAG1A,30
/TPI-FEED-PROGRESS/EQUI/VENDOR,/022-FLM-EQ,/022-FML-EQ-FR,EQUI,/021200FR006,30
/TPI-FEED-PROGRESS/EQUI/VENDOR,/022-FLM-EQ,/022-FML-EQ-SC,EQUI,/021200SC029A,30
/TPI-FEED-PROGRESS/EQUI/VENDOR,/022-FLM-EQ,/022-FML-EQ-SC,EQUI,/021200SC029B,30
/TPI-FEED-PROGRESS/EQUI/VENDOR,/022-FLM-EQ,/022-FML-EQ-RF,EQUI,/021200RF049,30
/TPI-FEED-PROGRESS/EQUI/VENDOR,/022-FLM-EQ,/022-FML-EQ-RF,EQUI,/021200RF047,30
/TPI-FEED-PROGRESS/EQUI/VENDOR,/022-FLM-EQ,/022-FML-EQ-RF,EQUI,/021200RF048,30
/TPI-FEED-PROGRESS/EQUI/VENDOR,/022-FLM-EQ,/022-FML-EQ-SC,EQUI,/021200SC00_TAG1B,30
/TPI-FEED-PROGRESS/EQUI/VENDOR,/022-FLM-EQ,/022-FML-EQ-SC,EQUI,/021200SC001A,30
/TPI-FEED-PROGRESS/EQUI/VENDOR,/022-FLM-EQ,/022-FML-EQ-RF,EQUI,/021200RF053,30
/TPI-FEED-PROGRESS/EQUI/VENDOR,/022-FLM-EQ,/022-FML-EQ-SC,EQUI,/021200SC002B,30
/TPI-FEED-PROGRESS/EQUI/VENDOR,/022-FLM-EQ,/022-FML-EQ-SC,EQUI,/021200SC001B,30
/TPI-FEED-PROGRESS/EQUI/VENDOR,/022-FLM-EQ,/022-FML-EQ-RF,EQUI,/021200RF045,30
/TPI-FEED-PROGRESS/EQUI/VENDOR,/022-FLM-EQ,/022-FML-EQ-RF,EQUI,/021200RF023,30
/TPI-FEED-PROGRESS/EQUI/VENDOR,/022-FLM-EQ,/022-FML-EQ-SC,EQUI,/021200SC002A,30
/TPI-FEED-PROGRESS/EQUI/VENDOR,/022-FLM-EQ,/022-FML-EQ-SC,EQUI,/021200SC00_TAG7B,30
/TPI-FEED-PROGRESS/EQUI/VENDOR,/022-FLM-EQ,/022-FML-EQ-RF,EQUI,/021200RF021,30
/TPI-FEED-PROGRESS/EQUI/VENDOR,/022-FLM-EQ,/022-FML-EQ-SC,EQUI,/021200SC00_TAG7A,30
/TPI-FEED-PROGRESS/EQUI/VENDOR,/022-FLM-EQ,/022-FML-EQ-SC,EQUI,/021200SC00_TAG6A,30
/TPI-FEED-PROGRESS/EQUI/VENDOR,/022-FLM-EQ,/022-FML-EQ-RF,EQUI,/021200RF025,30
/TPI-FEED-PROGRESS/EQUI/VENDOR,/022-FLM-EQ,/022-FML-EQ-RF,EQUI,/021200RF027,30
/TPI-FEED-PROGRESS/EQUI/VENDOR,/022-FLM-EQ,/022-FML-EQ-RF,EQUI,/021200RF024,30
/TPI-FEED-PROGRESS/EQUI/VENDOR,/022-FLM-EQ,/022-FML-EQ-RF,EQUI,/021200RF029,30
/TPI-FEED-PROGRESS/EQUI/VENDOR,/022-FLM-EQ,/022-FML-EQ-RF,EQUI,/021200RF001,30
/TPI-FEED-PROGRESS/EQUI/VENDOR,/022-FLM-EQ,/022-FLM-EQ-ML,EQUI,/021200ML001,30
/TPI-FEED-PROGRESS/EQUI/VENDOR,/022-FLM-EQ,/022-FML-EQ-SC,EQUI,/021200SC00_TAG3A,30
/TPI-FEED-PROGRESS/EQUI/VENDOR,/022-FLM-EQ,/022-FML-EQ-RF,EQUI,/021200RF017,30
/TPI-FEED-PROGRESS/EQUI/VENDOR,/022-FLM-EQ,/022-FML-EQ-SC,EQUI,/021200SC00_TAG4A,30
/TPI-FEED-PROGRESS/EQUI/VENDOR,/022-FLM-EQ,/022-FML-EQ-SC,EQUI,/021200SC00_TAG5A,30
/TPI-FEED-PROGRESS/EQUI/VENDOR,/022-FLM-EQ,/022-FML-EQ-RF,EQUI,/021200RF036,30
/TPI-FEED-PROGRESS/EQUI/VENDOR,/022-FLM-EQ,/022-FML-EQ-RF,EQUI,/021200RF019,30
/TPI-FEED-PROGRESS/EQUI/VENDOR,/022-FLM-EQ,/022-FML-EQ-SC,EQUI,/021200SC00_TAG4B,30
/TPI-FEED-PROGRESS/EQUI/VENDOR,/022-FLM-EQ,/022-FML-EQ-SC,EQUI,/021200SC00_TAG5B,30
/TPI-FEED-PROGRESS/EQUI/VENDOR,/022-FLM-EQ,/022-FML-EQ-RF,EQUI,/021200RF044,30
/TPI-FEED-PROGRESS/EQUI/VENDOR,/022-FLM-EQ,/022-FML-EQ-SC,EQUI,/021200SC00_TAG3B,30
/TPI-FEED-PROGRESS/EQUI/VENDOR,/022-FLM-EQ,/022-FML-EQ-SC,EQUI,/021200SC00_TAG6B,30
/TPI-FEED-PROGRESS/EQUI/VENDOR,/022-FLM-EQ,/022-FML-EQ-SC,EQUI,/021200SC00_TAG0A,30
/TPI-FEED-PROGRESS/EQUI/VENDOR,/022-FLM-EQ,/022-FML-EQ-RF,EQUI,/021200RF040,30
/TPI-FEED-PROGRESS/EQUI/VENDOR,/022-FLM-EQ,/022-FML-EQ-RF,EQUI,/021200RF034,30
/TPI-FEED-PROGRESS/EQUI/VENDOR,/022-FLM-EQ,/022-FML-EQ-RF,EQUI,/021200RF028,30
/TPI-FEED-PROGRESS/EQUI/VENDOR,/022-FLM-EQ,/022-FML-EQ-RF,EQUI,/021200RF009,30
/TPI-FEED-PROGRESS/EQUI/VENDOR,/022-FLM-EQ,/022-FML-EQ-SC,EQUI,/021200SC00_TAG0B,30
/TPI-FEED-PROGRESS/EQUI/VENDOR,/022-FLM-EQ,/022-FML-EQ-SC,EQUI,/021200SC005A,30
/TPI-FEED-PROGRESS/EQUI/VENDOR,/022-FLM-EQ,/022-FML-EQ-RF,EQUI,/021200RF032,30
/TPI-FEED-PROGRESS/EQUI/VENDOR,/022-FLM-EQ,/022-FML-EQ-SC,EQUI,/021200SC005B,30
/TPI-FEED-PROGRESS/EQUI/VENDOR,/022-FLM-EQ,/022-FML-EQ-SC,EQUI,/021200SC006A,30
/TPI-FEED-PROGRESS/EQUI/VENDOR,/022-FLM-EQ,/022-FML-EQ-RF,EQUI,/021200RF008,30
/TPI-FEED-PROGRESS/EQUI/VENDOR,/022-FLM-EQ,/022-FML-EQ-RF,EQUI,/021200RF042,30
/TPI-FEED-PROGRESS/EQUI/VENDOR,/022-FLM-EQ,/022-FML-EQ-SC,EQUI,/021200SC006B,30
/TPI-FEED-PROGRESS/EQUI/VENDOR,/022-FLM-EQ,/022-FLM-EQ-FA,EQUI,/021200FA002,30
/TPI-FEED-PROGRESS/EQUI/VENDOR,/022-FLM-EQ,/022-FML-EQ-SC,EQUI,/021200SC004A,30
/TPI-FEED-PROGRESS/EQUI/VENDOR,/022-FLM-EQ,/022-FML-EQ-RF,EQUI,/021200RF016,30
/TPI-FEED-PROGRESS/EQUI/VENDOR,/022-FLM-EQ,/022-FML-EQ-SC,EQUI,/021200SC004B,30
/TPI-FEED-PROGRESS/EQUI/VENDOR,/022-FLM-EQ,/022-FML-EQ-CV,EQUI,/021200CV010B,30
/TPI-FEED-PROGRESS/EQUI/VENDOR,/022-FLM-EQ,/022-FML-EQ-RF,EQUI,/021200RF012,30
/TPI-FEED-PROGRESS/EQUI/VENDOR,/022-FLM-EQ,/022-FML-EQ-RF,EQUI,/021200RF038,30
/TPI-FEED-PROGRESS/EQUI/VENDOR,/022-FLM-EQ,/022-FML-EQ-RF,EQUI,/021200RF020,30
/TPI-FEED-PROGRESS/EQUI/VENDOR,/022-FLM-EQ,/022-FML-EQ-RF,EQUI,/021200RF005,30
/TPI-FEED-PROGRESS/EQUI/VENDOR,/022-FLM-EQ,/022-FML-EQ-CV,EQUI,/021200CV010A,30
/TPI-FEED-PROGRESS/EQUI/VENDOR,/022-FLM-EQ,/022-FLM-EQ-SI,EQUI,/021200SI002,30
/TPI-FEED-PROGRESS/EQUI/VENDOR,/022-FLM-EQ,/022-FLM-EQ-SI,EQUI,/021200SI001,30
/TPI-FEED-PROGRESS/EQUI/VENDOR,/022-FLM-EQ,/022-FML-EQ-CV,EQUI,/021200CV009B,30
/TPI-FEED-PROGRESS/EQUI/VENDOR,/022-FLM-EQ,/022-FML-EQ-RF,EQUI,/021200RF004,30
/TPI-FEED-PROGRESS/EQUI/VENDOR,/022-FLM-EQ,/022-FLM-EQ-SI,EQUI,/021200SI005A,30
/TPI-FEED-PROGRESS/EQUI/VENDOR,/022-FLM-EQ,/022-FLM-EQ-SI,EQUI,/021200SI006A,30
/TPI-FEED-PROGRESS/EQUI/VENDOR,/022-FLM-EQ,/022-FLM-EQ-SI,EQUI,/021200SI004B,30
/TPI-FEED-PROGRESS/EQUI/VENDOR,/022-FLM-EQ,/022-FLM-EQ-SI,EQUI,/021200SI005B,30
/TPI-FEED-PROGRESS/EQUI/VENDOR,/022-FLM-EQ,/022-FML-EQ-RF,EQUI,/021200RF050,30
/TPI-FEED-PROGRESS/EQUI/VENDOR,/022-FLM-EQ,/022-FML-EQ-RF,EQUI,/021200RF030,30
/TPI-FEED-PROGRESS/EQUI/VENDOR,/022-FLM-EQ,/022-FLM-EQ-SI,EQUI,/021200SI004A,30
/TPI-FEED-PROGRESS/EQUI/VENDOR,/022-FLM-EQ,/022-FML-EQ-CV,EQUI,/021200CV009A,30
/TPI-FEED-PROGRESS/EQUI/VENDOR,/022-FLM-EQ,/022-FLM-EQ-FA,EQUI,/021200FA005,30
/TPI-FEED-PROGRESS/EQUI/VENDOR,/022-FLM-EQ,/022-FML-EQ-CV,EQUI,/021200CV002B,30
/TPI-FEED-PROGRESS/EQUI/VENDOR,/022-FLM-EQ,/022-FML-EQ-RF,EQUI,/021200RF054,30
/TPI-FEED-PROGRESS/EQUI/VENDOR,/022-FLM-EQ,/022-FLM-EQ-FA,EQUI,/021200FA009,30
/TPI-FEED-PROGRESS/EQUI/VENDOR,/022-FLM-EQ,/022-FLM-EQ-FA,EQUI,/021200FA003,30
/TPI-FEED-PROGRESS/EQUI/VENDOR,/022-FLM-EQ,/022-FLM-EQ-FA,EQUI,/021200FA008,30
/TPI-FEED-PROGRESS/EQUI/VENDOR,/022-FLM-EQ,/022-FLM-EQ-FA,EQUI,/021200FA013,30
/TPI-FEED-PROGRESS/EQUI/VENDOR,/022-FLM-EQ,/022-FML-EQ-CV,EQUI,/021200CV008B,30
/TPI-FEED-PROGRESS/EQUI/VENDOR,/022-FLM-EQ,/022-FML-EQ-RF,EQUI,/021200RF046,30
/TPI-FEED-PROGRESS/EQUI/VENDOR,/022-FLM-EQ,/022-FML-EQ-RF,EQUI,/021200RF006,30
/TPI-FEED-PROGRESS/EQUI/VENDOR,/022-FLM-EQ,/022-FML-EQ-RF,EQUI,/021200RF033,30
/TPI-FEED-PROGRESS/EQUI/VENDOR,/022-FLM-EQ,/022-FLM-EQ-FA,EQUI,/021200FA011,30
/TPI-FEED-PROGRESS/EQUI/VENDOR,/022-FLM-EQ,/022-FML-EQ-CV,EQUI,/021200CV008A,30
/TPI-FEED-PROGRESS/EQUI/VENDOR,/022-FLM-EQ,/022-FLM-EQ-FA,EQUI,/021200FA012,30
/TPI-FEED-PROGRESS/EQUI/VENDOR,/022-FLM-EQ,/022-FLM-EQ-FA,EQUI,/021200FA004,30
/TPI-FEED-PROGRESS/EQUI/VENDOR,/022-FLM-EQ,/022-FML-EQ-CV,EQUI,/021200CV005A,30
/TPI-FEED-PROGRESS/EQUI/VENDOR,/022-FLM-EQ,/022-FML-EQ-RF,EQUI,/021200RF022,30
/TPI-FEED-PROGRESS/EQUI/VENDOR,/022-FLM-EQ,/022-FLM-EQ-FA,EQUI,/021200FA001,30
/TPI-FEED-PROGRESS/EQUI/VENDOR,/022-FLM-EQ,/022-FLM-EQ-FA,EQUI,/021200FA010,30
/TPI-FEED-PROGRESS/EQUI/VENDOR,/022-FLM-EQ,/022-FML-EQ-CV,EQUI,/021200CV002A,30
/TPI-FEED-PROGRESS/EQUI/VENDOR,/022-FLM-EQ,/022-FLM-EQ-FA,EQUI,/021200FA006,30
/TPI-FEED-PROGRESS/EQUI/VENDOR,/022-FLM-EQ,/022-FLM-EQ-ML,EQUI,/021200ML027,30
/TPI-FEED-PROGRESS/EQUI/VENDOR,/022-FLM-EQ,/022-FML-EQ-CV,EQUI,/021200CV005B,30
/TPI-FEED-PROGRESS/EQUI/VENDOR,/022-FLM-EQ,/022-FML-EQ-RF,EQUI,/021200RF026,30
/TPI-FEED-PROGRESS/EQUI/VENDOR,/022-FLM-EQ,/022-FML-EQ-RF,EQUI,/021200RF014,30
/TPI-FEED-PROGRESS/EQUI/VENDOR,/022-FLM-EQ,/022-FLM-EQ-ML,EQUI,/021200ML028,30
/TPI-FEED-PROGRESS/EQUI/VENDOR,/022-FLM-EQ,/022-FLM-EQ-ML,EQUI,/021200ML030,30
/TPI-FEED-PROGRESS/EQUI/VENDOR,/022-FLM-EQ,/022-FLM-EQ-ML,EQUI,/021200ML007,30
/TPI-FEED-PROGRESS/EQUI/VENDOR,/022-FLM-EQ,/022-FML-EQ-RF,EQUI,/021200RF018,30
/TPI-FEED-PROGRESS/EQUI/VENDOR,/022-FLM-EQ,/022-FLM-EQ-ML,EQUI,/021200ML005,30
/TPI-FEED-PROGRESS/EQUI/VENDOR,/022-FLM-EQ,/022-FLM-EQ-ML,EQUI,/021200ML006,30
/TPI-FEED-PROGRESS/EQUI/VENDOR,/022-FLM-EQ,/022-FLM-EQ-ML,EQUI,/021200ML008,30
/TPI-FEED-PROGRESS/EQUI/VENDOR,/022-FLM-EQ,/022-FLM-EQ-ML,EQUI,/021200ML023,30
/TPI-FEED-PROGRESS/EQUI/VENDOR,/022-FLM-EQ,/022-FML-EQ-RF,EQUI,/021200RF035,30
/TPI-FEED-PROGRESS/EQUI/VENDOR,/022-FLM-EQ,/022-FML-EQ-RF,EQUI,/021200RF010,30
/TPI-FEED-PROGRESS/EQUI/VENDOR,/022-FLM-EQ,/022-FLM-EQ-ML,EQUI,/021200ML024,30
/TPI-FEED-PROGRESS/EQUI/VENDOR,/022-FLM-EQ,/022-FML-EQ-MX,EQUI,/021200MX001B,30
/TPI-FEED-PROGRESS/EQUI/VENDOR,/022-FLM-EQ,/022-FML-EQ-MX,EQUI,/021200MX001A,30
/TPI-FEED-PROGRESS/EQUI/VENDOR,/022-FLM-EQ,/022-FML-EQ-CV,EQUI,/021801CV013A,30
/TPI-FEED-PROGRESS/EQUI/VENDOR,/022-FLM-EQ,/022-FML-EQ-CV,EQUI,/021200CV027,30
/TPI-FEED-PROGRESS/EQUI/VENDOR,/022-FLM-EQ,/022-FML-EQ-CV,EQUI,/021200CV203,30
/TPI-FEED-PROGRESS/EQUI/VENDOR,/022-FLM-EQ,/022-FML-EQ-CV,EQUI,/021200CV026A,30
/TPI-FEED-PROGRESS/EQUI/VENDOR,/022-FLM-EQ,/022-FML-EQ-CV,EQUI,/021200CV014B,30
/TPI-FEED-PROGRESS/EQUI/VENDOR,/022-FLM-EQ,/022-FML-EQ-CV,EQUI,/021200CV014A,30
/TPI-FEED-PROGRESS/EQUI/VENDOR,/022-FLM-EQ,/022-FML-EQ-CV,EQUI,/021200CV204,30
/TPI-FEED-PROGRESS/EQUI/VENDOR,/022-FLM-EQ,/022-FML-EQ-CV,EQUI,/021801CV013B,30
/TPI-FEED-PROGRESS/EQUI/VENDOR,/022-FLM-EQ,/022-FLM-EQ-PU,EQUI,/021605PU001,30
/TPI-FEED-PROGRESS/EQUI/VENDOR,/022-FLM-EQ,/022-FML-EQ-SC,EQUI,/021200SC00_TAG2B,30
/TPI-FEED-PROGRESS/EQUI/VENDOR,/022-FLM-EQ,/022-FML-EQ-SC,EQUI,/021200SC030B,30
/TPI-FEED-PROGRESS/EQUI/VENDOR,/022-FLM-EQ,/022-FML-EQ-SC,EQUI,/021200SC00_TAG2A,30
/TPI-FEED-PROGRESS/EQUI/VENDOR,/022-FLM-EQ,/022-FML-EQ-SC,EQUI,/021200SC030A,30
/TPI-FEED-PROGRESS/EQUI/VENDOR,/023-WES-EQ,/023-WES-EQ-TK,EQUI,/021601TK018DELETE,30
/TPI-FEED-PROGRESS/EQUI/VENDOR,/023-WES-EQ,/023-WES-EQ-TK,EQUI,/021601TK019DELETE,30
/TPI-FEED-PROGRESS/EQUI/VENDOR,/023-WES-EQ,/023-WES-EQ-TK,EQUI,/021601TK020DELETE,30
/TPI-FEED-PROGRESS/EQUI/VENDOR,/023-WES-EQ,/023-WES-EQ-HC,EQUI,/021604HC014,30
/TPI-FEED-PROGRESS/EQUI/VENDOR,/023-WES-EQ,/023-WES-EQ-HC,EQUI,/021604HC013,30
/TPI-FEED-PROGRESS/EQUI/VENDOR,/023-WES-EQ,/023-WES-EQ-SC,EQUI,/021602SC007,30
/TPI-FEED-PROGRESS/EQUI/VENDOR,/023-WES-EQ,/023-WES-EQ-HC,EQUI,/021604HC010,30
/TPI-FEED-PROGRESS/EQUI/VENDOR,/023-WES-EQ,/023-WES-EQ-HC,EQUI,/021604HC009,30
/TPI-FEED-PROGRESS/EQUI/VENDOR,/023-WES-EQ,/023-WES-EQ-SC,EQUI,/021602SC006,30
/TPI-FEED-PROGRESS/EQUI/VENDOR,/023-WES-EQ,/023-WES-EQ-HC,EQUI,/021604HC008,30
/TPI-FEED-PROGRESS/EQUI/VENDOR,/023-WES-EQ,/023-WES-EQ-HC,EQUI,/021604HC007,30
/TPI-FEED-PROGRESS/EQUI/VENDOR,/023-WES-EQ,/023-WES-EQ-SC,EQUI,/021602SC005,30
/TPI-FEED-PROGRESS/EQUI/VENDOR,/023-WES-EQ,/023-WES-EQ-HC,EQUI,/021604HC006B,30
/TPI-FEED-PROGRESS/EQUI/VENDOR,/023-WES-EQ,/023-WES-EQ-SC,EQUI,/021603SC001,30
/TPI-FEED-PROGRESS/EQUI/VENDOR,/023-WES-EQ,/023-WES-EQ-HC,EQUI,/021604HC006A,30
/TPI-FEED-PROGRESS/EQUI/VENDOR,/023-WES-EQ,/023-WES-EQ-SC,EQUI,/021602SC003,30
/TPI-FEED-PROGRESS/EQUI/VENDOR,/023-WES-EQ,/023-WES-EQ-CF,EQUI,/021603CF002,30
/TPI-FEED-PROGRESS/EQUI/VENDOR,/023-WES-EQ,/023-WES-EQ-HC,EQUI,/021604HC005,30
/TPI-FEED-PROGRESS/EQUI/VENDOR,/023-WES-EQ,/023-WES-EQ-HC,EQUI,/021604HC004,30
/TPI-FEED-PROGRESS/EQUI/VENDOR,/023-WES-EQ,/023-WES-EQ-HC,EQUI,/021604HC003,30
/TPI-FEED-PROGRESS/EQUI/VENDOR,/023-WES-EQ,/023-WES-EQ-HC,EQUI,/021604HC011,30
/TPI-FEED-PROGRESS/EQUI/VENDOR,/023-WES-EQ,/023-WES-EQ-SC,EQUI,/021602SC004,30
/TPI-FEED-PROGRESS/EQUI/VENDOR,/023-WES-EQ,/023-WES-EQ-HC,EQUI,/021604HC012,30
/TPI-FEED-PROGRESS/EQUI/VENDOR,/023-WES-EQ,/023-WES-EQ-SC,EQUI,/021603SC009,30
/TPI-FEED-PROGRESS/EQUI/VENDOR,/023-WES-EQ,/023-WES-EQ-HC,EQUI,/021604HC016,30
/TPI-FEED-PROGRESS/EQUI/VENDOR,/023-WES-EQ,/023-WES-EQ-SC,EQUI,/021601SC009,30
/TPI-FEED-PROGRESS/EQUI/VENDOR,/023-WES-EQ,/023-WES-EQ-SC,EQUI,/021601SC011,30
/TPI-FEED-PROGRESS/EQUI/VENDOR,/023-WES-EQ,/023-WES-EQ-HC,EQUI,/021603HC009,30
/TPI-FEED-PROGRESS/EQUI/VENDOR,/023-WES-EQ,/023-WES-EQ-SC,EQUI,/021601SC010,30
/TPI-FEED-PROGRESS/EQUI/VENDOR,/023-WES-EQ,/023-WES-EQ-SC,EQUI,/021603SC002,30
/TPI-FEED-PROGRESS/EQUI/VENDOR,/023-WES-EQ,/023-WES-EQ-HC,EQUI,/021603HC012,30
/TPI-FEED-PROGRESS/EQUI/VENDOR,/023-WES-EQ,/023-WES-EQ-SC,EQUI,/021602SC002,30
/TPI-FEED-PROGRESS/EQUI/VENDOR,/023-WES-EQ,/023-WES-EQ-CF,EQUI,/021303CF004,30
/TPI-FEED-PROGRESS/EQUI/VENDOR,/023-WES-EQ,/023-WES-EQ-CF,EQUI,/021501CF001,30
/TPI-FEED-PROGRESS/EQUI/VENDOR,/023-WES-EQ,/023-WES-EQ-FR,EQUI,/021916FR002,30
/TPI-FEED-PROGRESS/EQUI/VENDOR,/023-WES-EQ,/023-WES-EQ-FR,EQUI,/021916FR001,30
/TPI-FEED-PROGRESS/EQUI/VENDOR,/023-WES-EQ,/023-WES-EQ-TK,EQUI,/021601TK005,30
/TPI-FEED-PROGRESS/EQUI/VENDOR,/023-WES-EQ,/023-WES-EQ-HX,EQUI,/021604HX016,30
/TPI-FEED-PROGRESS/EQUI/VENDOR,/023-WES-EQ,/023-WES-EQ-TK,EQUI,/021919TK001,30
/TPI-FEED-PROGRESS/EQUI/VENDOR,/023-WES-EQ,/023-WES-EQ-TK,EQUI,/021302TK001,30
/TPI-FEED-PROGRESS/EQUI/VENDOR,/023-WES-EQ,/023-WES-EQ-TK,EQUI,/021402TK001,30
/TPI-FEED-PROGRESS/EQUI/VENDOR,/023-WES-EQ,/023-WES-EQ-TK,EQUI,/021603TK006,30
/TPI-FEED-PROGRESS/EQUI/VENDOR,/023-WES-EQ,/023-WES-EQ-HX,EQUI,/021604HX010,30
/TPI-FEED-PROGRESS/EQUI/VENDOR,/023-WES-EQ,/023-WES-EQ-SC,EQUI,/021602SC001,30
/TPI-FEED-PROGRESS/EQUI/VENDOR,/023-WES-EQ,/023-WES-EQ-TK,EQUI,/021903TK001,30
/TPI-FEED-PROGRESS/EQUI/VENDOR,/023-WES-EQ,/023-WES-EQ-TK,EQUI,/021000TK004,30
/TPI-FEED-PROGRESS/EQUI/VENDOR,/023-WES-EQ,/023-WES-EQ-TK,EQUI,/021917TK001,30
/TPI-FEED-PROGRESS/EQUI/VENDOR,/023-WES-EQ,/023-WES-EQ-TK,EQUI,/021921TK001,30
/TPI-FEED-PROGRESS/EQUI/VENDOR,/023-WES-EQ,/023-WES-EQ-HX,EQUI,/021917HX001,30
/TPI-FEED-PROGRESS/EQUI/VENDOR,/023-WES-EQ,/023-WES-EQ-TK,EQUI,/021000TK003,30
/TPI-FEED-PROGRESS/EQUI/VENDOR,/023-WES-EQ,/023-WES-EQ-TK,EQUI,/021403TK008,30
/TPI-FEED-PROGRESS/EQUI/VENDOR,/023-WES-EQ,/023-WES-EQ-TK,EQUI,/021403TK005,30
/TPI-FEED-PROGRESS/EQUI/VENDOR,/023-WES-EQ,/023-WES-EQ-TK,EQUI,/021917TK002,30
/TPI-FEED-PROGRESS/EQUI/VENDOR,/023-WES-EQ,/023-WES-EQ-HX,EQUI,/021917HX003,30
/TPI-FEED-PROGRESS/EQUI/VENDOR,/023-WES-EQ,/023-WES-EQ-SC,EQUI,/021601SC005,30
/TPI-FEED-PROGRESS/EQUI/VENDOR,/023-WES-EQ,/023-WES-EQ-CF,EQUI,/021303CF003,30
/TPI-FEED-PROGRESS/EQUI/VENDOR,/023-WES-EQ,/023-WES-EQ-CF,EQUI,/021603CF001,30
/TPI-FEED-PROGRESS/EQUI/VENDOR,/023-WES-EQ,/023-WES-EQ-TK,EQUI,/021604TK017,30
/TPI-FEED-PROGRESS/EQUI/VENDOR,/023-WES-EQ,/023-WES-EQ-TK,EQUI,/021916TK001,30
/TPI-FEED-PROGRESS/EQUI/VENDOR,/023-WES-EQ,/023-WES-EQ-HX,EQUI,/021917HX002,30
/TPI-FEED-PROGRESS/EQUI/VENDOR,/023-WES-EQ,/023-WES-EQ-TK,EQUI,/021601TK012,30
/TPI-FEED-PROGRESS/EQUI/VENDOR,/023-WES-EQ,/023-WES-EQ-TK,EQUI,/021601TK011,30
/TPI-FEED-PROGRESS/EQUI/VENDOR,/023-WES-EQ,/023-WES-EQ-HX,EQUI,/021604HX017,30
/TPI-FEED-PROGRESS/EQUI/VENDOR,/023-WES-EQ,/023-WES-EQ-SC,EQUI,/021601SC006,30
/TPI-FEED-PROGRESS/EQUI/VENDOR,/023-WES-EQ,/023-WES-EQ-TK,EQUI,/021604TK001,30
/TPI-FEED-PROGRESS/EQUI/VENDOR,/023-WES-EQ,/023-WES-EQ-TK,EQUI,/021601TK009,30
/TPI-FEED-PROGRESS/EQUI/VENDOR,/023-WES-EQ,/023-WES-EQ-HX,EQUI,/021601HX021DELETE,30
/TPI-FEED-PROGRESS/EQUI/VENDOR,/023-WES-EQ,/023-WES-EQ-TK,EQUI,/021501TK001,30
/TPI-FEED-PROGRESS/EQUI/VENDOR,/023-WES-EQ,/023-WES-EQ-TK,EQUI,/021603TK008,30
/TPI-FEED-PROGRESS/EQUI/VENDOR,/023-WES-EQ,/023-WES-EQ-SI,EQUI,/021301SI001,30
/TPI-FEED-PROGRESS/EQUI/VENDOR,/023-WES-EQ,/023-WES-EQ-SC,EQUI,/021601SC007,30
/TPI-FEED-PROGRESS/EQUI/VENDOR,/023-WES-EQ,/023-WES-EQ-CF,EQUI,/021303CF002,30
/TPI-FEED-PROGRESS/EQUI/VENDOR,/023-WES-EQ,/023-WES-EQ-TK,EQUI,/021602TK008,30
/TPI-FEED-PROGRESS/EQUI/VENDOR,/023-WES-EQ,/023-WES-EQ-TK,EQUI,/021603TK001,30
/TPI-FEED-PROGRESS/EQUI/VENDOR,/023-WES-EQ,/023-WES-EQ-MX,EQUI,/021302MX001,30
/TPI-FEED-PROGRESS/EQUI/VENDOR,/023-WES-EQ,/023-WES-EQ-TK,EQUI,/021000TK001,30
/TPI-FEED-PROGRESS/EQUI/VENDOR,/023-WES-EQ,/023-WES-EQ-TK,EQUI,/021000TK002DELETE,30
/TPI-FEED-PROGRESS/EQUI/VENDOR,/023-WES-EQ,/023-WES-EQ-MX,EQUI,/021303MX004,30
/TPI-FEED-PROGRESS/EQUI/VENDOR,/023-WES-EQ,/023-WES-EQ-SC,EQUI,/021601SC003,30
/TPI-FEED-PROGRESS/EQUI/VENDOR,/023-WES-EQ,/023-WES-EQ-TK,EQUI,/021942TK001,30
/TPI-FEED-PROGRESS/EQUI/VENDOR,/023-WES-EQ,/023-WES-EQ-MX,EQUI,/021303MX003,30
/TPI-FEED-PROGRESS/EQUI/VENDOR,/023-WES-EQ,/023-WES-EQ-TK,EQUI,/021601TK013DELETE,30
/TPI-FEED-PROGRESS/EQUI/VENDOR,/023-WES-EQ,/023-WES-EQ-MX,EQUI,/021303MX001,30
/TPI-FEED-PROGRESS/EQUI/VENDOR,/023-WES-EQ,/023-WES-EQ-SC,EQUI,/021601SC004,30
/TPI-FEED-PROGRESS/EQUI/VENDOR,/023-WES-EQ,/023-WES-EQ-CF,EQUI,/021303CF001,30
/TPI-FEED-PROGRESS/EQUI/VENDOR,/023-WES-EQ,/023-WES-EQ-CF,EQUI,/021601CF013,30
/TPI-FEED-PROGRESS/EQUI/VENDOR,/023-WES-EQ,/023-WES-EQ-MX,EQUI,/021303MX002,30
/TPI-FEED-PROGRESS/EQUI/VENDOR,/023-WES-EQ,/023-WES-EQ-TK,EQUI,/021601TK017DELETE,30
/TPI-FEED-PROGRESS/EQUI/VENDOR,/023-WES-EQ,/023-WES-EQ-MM,EQUI,/021601MM016DELETE,30
/TPI-FEED-PROGRESS/EQUI/VENDOR,/023-WES-EQ,/023-WES-EQ-SC,EQUI,/021601SC002,30
/TPI-FEED-PROGRESS/EQUI/VENDOR,/023-WES-EQ,/023-WES-EQ-TK,EQUI,/021403TK001,30
/TPI-FEED-PROGRESS/EQUI/VENDOR,/023-WES-EQ,/023-WES-EQ-TK,EQUI,/021703TK003,30
/TPI-FEED-PROGRESS/EQUI/VENDOR,/023-WES-EQ,/023-WES-EQ-TK,EQUI,/021601TK001,30
/TPI-FEED-PROGRESS/EQUI/VENDOR,/023-WES-EQ,/023-WES-EQ-TK,EQUI,/021602TK001,30
/TPI-FEED-PROGRESS/EQUI/VENDOR,/023-WES-EQ,/023-WES-EQ-MM,EQUI,/021403MM004,30
/TPI-FEED-PROGRESS/EQUI/VENDOR,/023-WES-EQ,/023-WES-EQ-SC,EQUI,/021601SC001,30
/TPI-FEED-PROGRESS/EQUI/VENDOR,/023-WES-EQ,/023-WES-EQ-CF,EQUI,/021601CF011,30
/TPI-FEED-PROGRESS/EQUI/VENDOR,/023-WES-EQ,/023-WES-EQ-TK,EQUI,/021403TK013,30
/TPI-FEED-PROGRESS/EQUI/VENDOR,/023-WES-EQ,/023-WES-EQ-AG,EQUI,/021602AG001,30
/TPI-FEED-PROGRESS/EQUI/VENDOR,/023-WES-EQ,/023-WES-EQ-MM,EQUI,/021403MM003,30
/TPI-FEED-PROGRESS/EQUI/VENDOR,/023-WES-EQ,/023-WES-EQ-AG,EQUI,/021602AG008DELETE,30
/TPI-FEED-PROGRESS/EQUI/VENDOR,/023-WES-EQ,/023-WES-EQ-AG,EQUI,/021601AG013DELETE,30
/TPI-FEED-PROGRESS/EQUI/VENDOR,/023-WES-EQ,/023-WES-EQ-MM,EQUI,/021403MM002,30
/TPI-FEED-PROGRESS/EQUI/VENDOR,/023-WES-EQ,/023-WES-EQ-AG,EQUI,/021000AG002DELETE,30
/TPI-FEED-PROGRESS/EQUI/VENDOR,/023-WES-EQ,/023-WES-EQ-MM,EQUI,/021403MM001,30
/TPI-FEED-PROGRESS/EQUI/VENDOR,/023-WES-EQ,/023-WES-EQ-AG,EQUI,/021000AG001,30
/TPI-FEED-PROGRESS/EQUI/VENDOR,/023-WES-EQ,/023-WES-EQ-AG,EQUI,/021000AG004,30
/TPI-FEED-PROGRESS/EQUI/VENDOR,/023-WES-EQ,/023-WES-EQ-MM,EQUI,/021403MM005,30
/TPI-FEED-PROGRESS/EQUI/VENDOR,/023-WES-EQ,/023-WES-EQ-CF,EQUI,/021601CF010,30
/TPI-FEED-PROGRESS/EQUI/VENDOR,/023-WES-EQ,/023-WES-EQ-CF,EQUI,/021501CF002,30
/TPI-FEED-PROGRESS/EQUI/VENDOR,/023-WES-EQ,/023-WES-EQ-AG,EQUI,/021703AG003,30
/TPI-FEED-PROGRESS/EQUI/VENDOR,/023-WES-EQ,/023-WES-EQ-AG,EQUI,/021601AG001,30
/TPI-FEED-PROGRESS/EQUI/VENDOR,/023-WES-EQ,/023-WES-EQ-SR,EQUI,/021933PX001,30
/TPI-FEED-PROGRESS/EQUI/VENDOR,/023-WES-EQ,/023-WES-EQ-SC,EQUI,/021402SC015/016,30
/TPI-FEED-PROGRESS/EQUI/VENDOR,/023-WES-EQ,/023-WES-EQ-AG,EQUI,/021601AG011,30
/TPI-FEED-PROGRESS/EQUI/VENDOR,/023-WES-EQ,/023-WES-EQ-SC,EQUI,/021402SC013/014,30
/TPI-FEED-PROGRESS/EQUI/VENDOR,/023-WES-EQ,/023-WES-EQ-AG,EQUI,/021603AG006,30
/TPI-FEED-PROGRESS/EQUI/VENDOR,/023-WES-EQ,/023-WES-EQ-AG,EQUI,/021604AG001,30
/TPI-FEED-PROGRESS/EQUI/VENDOR,/023-WES-EQ,/023-WES-EQ-SC,EQUI,/021402SC011/012,30
/TPI-FEED-PROGRESS/EQUI/VENDOR,/023-WES-EQ,/023-WES-EQ-CF,EQUI,/021601CF009,30
/TPI-FEED-PROGRESS/EQUI/VENDOR,/023-WES-EQ,/023-WES-EQ-AG,EQUI,/021601AG012,30
/TPI-FEED-PROGRESS/EQUI/VENDOR,/023-WES-EQ,/023-WES-EQ-AG,EQUI,/021601AG009,30
/TPI-FEED-PROGRESS/EQUI/VENDOR,/023-WES-EQ,/023-WES-EQ-SC,EQUI,/021402SC009/010,30
/TPI-FEED-PROGRESS/EQUI/VENDOR,/023-WES-EQ,/023-WES-EQ-AG,EQUI,/021501AG001,30
/TPI-FEED-PROGRESS/EQUI/VENDOR,/023-WES-EQ,/023-WES-EQ-AG,EQUI,/021603AG008,30
/TPI-FEED-PROGRESS/EQUI/VENDOR,/023-WES-EQ,/023-WES-EQ-SC,EQUI,/021402SC007/008,30
/TPI-FEED-PROGRESS/EQUI/VENDOR,/023-WES-EQ,/023-WES-EQ-AG,EQUI,/021603AG001,30
/TPI-FEED-PROGRESS/EQUI/VENDOR,/023-WES-EQ,/023-WES-EQ-HC,EQUI,/021603HC011,30
/TPI-FEED-PROGRESS/EQUI/VENDOR,/023-WES-EQ,/023-WES-EQ-SC,EQUI,/021402SC005/006,30
/TPI-FEED-PROGRESS/EQUI/VENDOR,/023-WES-EQ,/023-WES-EQ-HC,EQUI,/021603HC010,30
/TPI-FEED-PROGRESS/EQUI/VENDOR,/023-WES-EQ,/023-WES-EQ-HC,EQUI,/021604HC015,30
/TPI-FEED-PROGRESS/EQUI/VENDOR,/023-WES-EQ,/023-WES-EQ-SC,EQUI,/021603SC008,30
/TPI-FEED-PROGRESS/EQUI/VENDOR,/023-WES-EQ,/023-WES-EQ-SC,EQUI,/021603SC010,30
/TPI-FEED-PROGRESS/EQUI/VENDOR,/023-WES-EQ,/023-WES-EQ-SC,EQUI,/021604SC001,30
/TPI-FEED-PROGRESS/EQUI/VENDOR,/023-WES-EQ,/023-WES-EQ-PU,EQUI,/021601PU021DELETE,30
/TPI-FEED-PROGRESS/EQUI/VENDOR,/023-WES-EQ,/023-WES-EQ-PU,EQUI,/021604PU013,30
/TPI-FEED-PROGRESS/EQUI/VENDOR,/023-WES-EQ,/023-WES-EQ-PU,EQUI,/021947PU006/DELETE,30
/TPI-FEED-PROGRESS/EQUI/VENDOR,/023-WES-EQ,/023-WES-EQ-PU,EQUI,/021947PU004,30
/TPI-FEED-PROGRESS/EQUI/VENDOR,/023-WES-EQ,/023-WES-EQ-PU,EQUI,/021403PU008,30
/TPI-FEED-PROGRESS/EQUI/VENDOR,/023-WES-EQ,/023-WES-EQ-PU,EQUI,/021403PU001,30
/TPI-FEED-PROGRESS/EQUI/VENDOR,/023-WES-EQ,/023-WES-EQ-PU,EQUI,/021403PU002,30
/TPI-FEED-PROGRESS/EQUI/VENDOR,/023-WES-EQ,/023-WES-EQ-PU,EQUI,/021402PU005,30
/TPI-FEED-PROGRESS/EQUI/VENDOR,/023-WES-EQ,/023-WES-EQ-PU,EQUI,/021601PU009,30
/TPI-FEED-PROGRESS/EQUI/VENDOR,/023-WES-EQ,/023-WES-EQ-PU,EQUI,/021402PU014,30
/TPI-FEED-PROGRESS/EQUI/VENDOR,/023-WES-EQ,/023-WES-EQ-PU,EQUI,/021604PU009,30
/TPI-FEED-PROGRESS/EQUI/VENDOR,/023-WES-EQ,/023-WES-EQ-PU,EQUI,/021602PU007,30
/TPI-FEED-PROGRESS/EQUI/VENDOR,/023-WES-EQ,/023-WES-EQ-PU,EQUI,/021603PU013,30
/TPI-FEED-PROGRESS/EQUI/VENDOR,/023-WES-EQ,/023-WES-EQ-PU,EQUI,/021402PU002,30
/TPI-FEED-PROGRESS/EQUI/VENDOR,/023-WES-EQ,/023-WES-EQ-PU,EQUI,/021501PU001,30
/TPI-FEED-PROGRESS/EQUI/VENDOR,/023-WES-EQ,/023-WES-EQ-PU,EQUI,/021000PU004,30
/TPI-FEED-PROGRESS/EQUI/VENDOR,/023-WES-EQ,/023-WES-EQ-PU,EQUI,/021302PU003,30
/TPI-FEED-PROGRESS/EQUI/VENDOR,/023-WES-EQ,/023-WES-EQ-PU,EQUI,/021602PU005,30
/TPI-FEED-PROGRESS/EQUI/VENDOR,/023-WES-EQ,/023-WES-EQ-PU,EQUI,/021601PU0xx,30
/TPI-FEED-PROGRESS/EQUI/VENDOR,/023-WES-EQ,/023-WES-EQ-PU,EQUI,/021402PU001,30
/TPI-FEED-PROGRESS/EQUI/VENDOR,/023-WES-EQ,/023-WES-EQ-PU,EQUI,/021402PU013,30
/TPI-FEED-PROGRESS/EQUI/VENDOR,/023-WES-EQ,/023-WES-EQ-PU,EQUI,/021922PU002,30
/TPI-FEED-PROGRESS/EQUI/VENDOR,/023-WES-EQ,/023-WES-EQ-PU,EQUI,/021604PU006,30
/TPI-FEED-PROGRESS/EQUI/VENDOR,/023-WES-EQ,/023-WES-EQ-PU,EQUI,/021601PUXX1,30
/TPI-FEED-PROGRESS/EQUI/VENDOR,/023-WES-EQ,/023-WES-EQ-PU,EQUI,/021601PU007,30
/TPI-FEED-PROGRESS/EQUI/VENDOR,/023-WES-EQ,/023-WES-EQ-PU,EQUI,/021603PU011,30
/TPI-FEED-PROGRESS/EQUI/VENDOR,/023-WES-EQ,/023-WES-EQ-PU,EQUI,/021000PU001,30
/TPI-FEED-PROGRESS/EQUI/VENDOR,/023-WES-EQ,/023-WES-EQ-PU,EQUI,/021603PU002,30
/TPI-FEED-PROGRESS/EQUI/VENDOR,/023-WES-EQ,/023-WES-EQ-PU,EQUI,/021942PU001,30
/TPI-FEED-PROGRESS/EQUI/VENDOR,/023-WES-EQ,/023-WES-EQ-PU,EQUI,/021601PU001,30
/TPI-FEED-PROGRESS/EQUI/VENDOR,/023-WES-EQ,/023-WES-EQ-PU,EQUI,/021603PU006,30
/TPI-FEED-PROGRESS/EQUI/VENDOR,/023-WES-EQ,/023-WES-EQ-PU,EQUI,/021601PU011,30
/TPI-FEED-PROGRESS/EQUI/VENDOR,/023-WES-EQ,/023-WES-EQ-PU,EQUI,/021930PU007,30
/TPI-FEED-PROGRESS/EQUI/VENDOR,/023-WES-EQ,/023-WES-EQ-PU,EQUI,/021930PU009,30
/TPI-FEED-PROGRESS/EQUI/VENDOR,/023-WES-EQ,/023-WES-EQ-PU,EQUI,/021930PU006,30
/TPI-FEED-PROGRESS/EQUI/VENDOR,/023-WES-EQ,/023-WES-EQ-PU,EQUI,/021930PU003,30
/TPI-FEED-PROGRESS/EQUI/VENDOR,/023-WES-EQ,/023-WES-EQ-PU,EQUI,/021917PU001,30
/TPI-FEED-PROGRESS/EQUI/VENDOR,/023-WES-EQ,/023-WES-EQ-PU,EQUI,/021603PU009,30
/TPI-FEED-PROGRESS/EQUI/VENDOR,/023-WES-EQ,/023-WES-EQ-PU,EQUI,/021604PU014,30
/TPI-FEED-PROGRESS/EQUI/VENDOR,/023-WES-EQ,/023-WES-EQ-PU,EQUI,/021940PU003,30
/TPI-FEED-PROGRESS/EQUI/VENDOR,/023-WES-EQ,/023-WES-EQ-PU,EQUI,/021947PU005,30
/TPI-FEED-PROGRESS/EQUI/VENDOR,/023-WES-EQ,/023-WES-EQ-PU,EQUI,/021948PU002,30
/TPI-FEED-PROGRESS/EQUI/VENDOR,/023-WES-EQ,/023-WES-EQ-PU,EQUI,/021403PU005,30
/TPI-FEED-PROGRESS/EQUI/VENDOR,/023-WES-EQ,/023-WES-EQ-PU,EQUI,/021402PU011,30
/TPI-FEED-PROGRESS/EQUI/VENDOR,/023-WES-EQ,/023-WES-EQ-PU,EQUI,/021402PU008,30
/TPI-FEED-PROGRESS/EQUI/VENDOR,/023-WES-EQ,/023-WES-EQ-PU,EQUI,/021604PU011,30
/TPI-FEED-PROGRESS/EQUI/VENDOR,/023-WES-EQ,/023-WES-EQ-PU,EQUI,/021604PU003,30
/TPI-FEED-PROGRESS/EQUI/VENDOR,/023-WES-EQ,/023-WES-EQ-PU,EQUI,/021603PU012,30
/TPI-FEED-PROGRESS/EQUI/VENDOR,/023-WES-EQ,/023-WES-EQ-PU,EQUI,/021601PU010,30
/TPI-FEED-PROGRESS/EQUI/VENDOR,/023-WES-EQ,/023-WES-EQ-PU,EQUI,/021402PU003,30
/TPI-FEED-PROGRESS/EQUI/VENDOR,/023-WES-EQ,/023-WES-EQ-PU,EQUI,/021302PU001,30
/TPI-FEED-PROGRESS/EQUI/VENDOR,/023-WES-EQ,/023-WES-EQ-SC,EQUI,/021603SC012,30
/TPI-FEED-PROGRESS/EQUI/VENDOR,/023-WES-EQ,/023-WES-EQ-PU,EQUI,/021402PU007,30
/TPI-FEED-PROGRESS/EQUI/VENDOR,/023-WES-EQ,/023-WES-EQ-PU,EQUI,/021402PU006,30
/TPI-FEED-PROGRESS/EQUI/VENDOR,/023-WES-EQ,/023-WES-EQ-PU,EQUI,/021604PU005,30
/TPI-FEED-PROGRESS/EQUI/VENDOR,/023-WES-EQ,/023-WES-EQ-PU,EQUI,/021402PU017,30
/TPI-FEED-PROGRESS/EQUI/VENDOR,/023-WES-EQ,/023-WES-EQ-PU,EQUI,/021604PU008,30
/TPI-FEED-PROGRESS/EQUI/VENDOR,/023-WES-EQ,/023-WES-EQ-PU,EQUI,/021604PU017,30
/TPI-FEED-PROGRESS/EQUI/VENDOR,/023-WES-EQ,/023-WES-EQ-SC,EQUI,/021604SC002,30
/TPI-FEED-PROGRESS/EQUI/VENDOR,/023-WES-EQ,/023-WES-EQ-PU,EQUI,/021603PU008,30
/TPI-FEED-PROGRESS/EQUI/VENDOR,/023-WES-EQ,/023-WES-EQ-PU,EQUI,/021601PU013DELETE,30
/TPI-FEED-PROGRESS/EQUI/VENDOR,/023-WES-EQ,/023-WES-EQ-PU,EQUI,/021000PU003,30
/TPI-FEED-PROGRESS/EQUI/VENDOR,/023-WES-EQ,/023-WES-EQ-PU,EQUI,/021601PU012,30
/TPI-FEED-PROGRESS/EQUI/VENDOR,/023-WES-EQ,/023-WES-EQ-PU,EQUI,/021930PU008,30
/TPI-FEED-PROGRESS/EQUI/VENDOR,/023-WES-EQ,/023-WES-EQ-PU,EQUI,/021930PU010,30
/TPI-FEED-PROGRESS/EQUI/VENDOR,/023-WES-EQ,/023-WES-EQ-PU,EQUI,/021930PU005,30
/TPI-FEED-PROGRESS/EQUI/VENDOR,/023-WES-EQ,/023-WES-EQ-PU,EQUI,/021930PU002,30
/TPI-FEED-PROGRESS/EQUI/VENDOR,/023-WES-EQ,/023-WES-EQ-PU,EQUI,/021917PU002,30
/TPI-FEED-PROGRESS/EQUI/VENDOR,/023-WES-EQ,/023-WES-EQ-PU,EQUI,/021604PU016,30
/TPI-FEED-PROGRESS/EQUI/VENDOR,/023-WES-EQ,/023-WES-EQ-PU,EQUI,/021604PU015,30
/TPI-FEED-PROGRESS/EQUI/VENDOR,/023-WES-EQ,/023-WES-EQ-PU,EQUI,/021602PU008,30
/TPI-FEED-PROGRESS/EQUI/VENDOR,/023-WES-EQ,/023-WES-EQ-PU,EQUI,/021604PU007,30
/TPI-FEED-PROGRESS/EQUI/VENDOR,/023-WES-EQ,/023-WES-EQ-PU,EQUI,/021703PU003,30
/TPI-FEED-PROGRESS/EQUI/VENDOR,/023-WES-EQ,/023-WES-EQ-PU,EQUI,/021403PU003,30
/TPI-FEED-PROGRESS/EQUI/VENDOR,/023-WES-EQ,/023-WES-EQ-PU,EQUI,/021402PU010,30
/TPI-FEED-PROGRESS/EQUI/VENDOR,/023-WES-EQ,/023-WES-EQ-PU,EQUI,/021604PU010,30
/TPI-FEED-PROGRESS/EQUI/VENDOR,/023-WES-EQ,/023-WES-EQ-PU,EQUI,/021603PU004,30
/TPI-FEED-PROGRESS/EQUI/VENDOR,/023-WES-EQ,/023-WES-EQ-PU,EQUI,/021302PU004,30
/TPI-FEED-PROGRESS/EQUI/VENDOR,/023-WES-EQ,/023-WES-EQ-PU,EQUI,/021922PU001,30
/TPI-FEED-PROGRESS/EQUI/VENDOR,/023-WES-EQ,/023-WES-EQ-PU,EQUI,/021501PU002,30
/TPI-FEED-PROGRESS/EQUI/VENDOR,/023-WES-EQ,/023-WES-EQ-PU,EQUI,/021602PU001,30
/TPI-FEED-PROGRESS/EQUI/VENDOR,/023-WES-EQ,/023-WES-EQ-PU,EQUI,/021603PU001,30
/TPI-FEED-PROGRESS/EQUI/VENDOR,/023-WES-EQ,/023-WES-EQ-PU,EQUI,/021302PU002,30
/TPI-FEED-PROGRESS/EQUI/VENDOR,/023-WES-EQ,/023-WES-EQ-SC,EQUI,/021603SC011,30
/TPI-FEED-PROGRESS/EQUI/VENDOR,/023-WES-EQ,/023-WES-EQ-PU,EQUI,/021402PU012,30
/TPI-FEED-PROGRESS/EQUI/VENDOR,/023-WES-EQ,/023-WES-EQ-PU,EQUI,/021402PU009,30
/TPI-FEED-PROGRESS/EQUI/VENDOR,/023-WES-EQ,/023-WES-EQ-PU,EQUI,/021601PU005,30
/TPI-FEED-PROGRESS/EQUI/VENDOR,/023-WES-EQ,/023-WES-EQ-PU,EQUI,/021604PU004,30
/TPI-FEED-PROGRESS/EQUI/VENDOR,/023-WES-EQ,/023-WES-EQ-PU,EQUI,/021603PU003,30
/TPI-FEED-PROGRESS/EQUI/VENDOR,/023-WES-EQ,/023-WES-EQ-PU,EQUI,/021604PU012,30
/TPI-FEED-PROGRESS/EQUI/VENDOR,/023-WES-EQ,/023-WES-EQ-PU,EQUI,/021921PU001,30
/TPI-FEED-PROGRESS/EQUI/VENDOR,/023-WES-EQ,/023-WES-EQ-PU,EQUI,/021604PU001,30
/TPI-FEED-PROGRESS/EQUI/VENDOR,/023-WES-EQ,/023-WES-EQ-PU,EQUI,/021000PU002DELETE,30
/TPI-FEED-PROGRESS/EQUI/VENDOR,/023-WES-EQ,/023-WES-EQ-PU,EQUI,/021903PU001,30
/TPI-FEED-PROGRESS/EQUI/VENDOR,/023-WES-EQ,/023-WES-EQ-PU,EQUI,/021403PU013,30
/TPI-FEED-PROGRESS/EQUI/VENDOR,/023-WES-EQ,/023-WES-EQ-PU,EQUI,/021916PU001,30
/TPI-FEED-PROGRESS/EQUI/VENDOR,/023-WES-EQ,/023-WES-EQ-PU,EQUI,/021603PU007,30
/TPI-FEED-PROGRESS/EQUI/VENDOR,/023-WES-EQ,/023-WES-EQ-PU,EQUI,/021930PU011,30
/TPI-FEED-PROGRESS/EQUI/VENDOR,/023-WES-EQ,/023-WES-EQ-PU,EQUI,/021930PU004,30
/TPI-FEED-PROGRESS/EQUI/VENDOR,/023-WES-EQ,/023-WES-EQ-PU,EQUI,/021930PU001,30
/TPI-FEED-PROGRESS/EQUI/VENDOR,/023-WES-EQ,/023-WES-EQ-PU,EQUI,/021603PU010,30
/TPI-FEED-PROGRESS/EQUI/VENDOR,/024-GLU-EQ,/024-GLU-EQ-GEN,EQUI,/GLU-BLOWER3,30
/TPI-FEED-PROGRESS/EQUI/VENDOR,/024-GLU-EQ,/024-GLU-EQ-GEN,EQUI,/GLU-VWG-CLASSIFIER_MILL_1,30
/TPI-FEED-PROGRESS/EQUI/VENDOR,/024-GLU-EQ,/024-GLU-EQ-GEN,EQUI,/GLU-GEN-2,30
/TPI-FEED-PROGRESS/EQUI/VENDOR,/024-GLU-EQ,/024-GLU-EQ-VES,EQUI,/GLU3-VES-1,30
/TPI-FEED-PROGRESS/EQUI/VENDOR,/024-GLU-EQ,/024-GLU-EQ-GEN,EQUI,/GLU-CLASSIFIER_MILL_2-021405PX002-021405ML002,30
/TPI-FEED-PROGRESS/EQUI/VENDOR,/024-GLU-EQ,/024-GLU-EQ-GEN,EQUI,/GLU-VWG-BLOWER1,30
/TPI-FEED-PROGRESS/EQUI/VENDOR,/024-GLU-EQ,/024-GLU-EQ-VES,EQUI,/GLU1-VES-1,30
/TPI-FEED-PROGRESS/EQUI/VENDOR,/024-GLU-EQ,/024-GLU-EQ-GEN,EQUI,/WWG-DRYER-1,30
/TPI-FEED-PROGRESS/EQUI/VENDOR,/024-GLU-EQ,/024-GLU-EQ-GEN,EQUI,/GLU-BLOWER1,30
/TPI-FEED-PROGRESS/EQUI/VENDOR,/024-GLU-EQ,/024-GLU-EQ-GEN,EQUI,/GLU-FUR-2,30
/TPI-FEED-PROGRESS/EQUI/VENDOR,/024-GLU-EQ,/024-GLU-EQ-VES,EQUI,/GLU2-VES-1,30
/TPI-FEED-PROGRESS/EQUI/VENDOR,/024-GLU-EQ,/024-GLU-EQ-GEN,EQUI,/GLU-GEN-3,30
/TPI-FEED-PROGRESS/EQUI/VENDOR,/024-GLU-EQ,/024-GLU-EQ-GEN,EQUI,/GLU-VWG-BLOWER2,30
/TPI-FEED-PROGRESS/EQUI/VENDOR,/024-GLU-EQ,/024-GLU-EQ-VES,EQUI,/GLU2-VES-2,30
/TPI-FEED-PROGRESS/EQUI/VENDOR,/024-GLU-EQ,/024-GLU-EQ-GEN,EQUI,/GLU-BLOWER2,30
/TPI-FEED-PROGRESS/EQUI/VENDOR,/024-GLU-EQ,/024-GLU-EQ-GEN,EQUI,/GLU-VWG-CLASSIFIER_MILL_3,30
/TPI-FEED-PROGRESS/EQUI/VENDOR,/024-GLU-EQ,/024-GLU-EQ-GEN,EQUI,/WWG-DRYER-3,30
/TPI-FEED-PROGRESS/EQUI/VENDOR,/024-GLU-EQ,/024-GLU-EQ-GEN,EQUI,/GLU-FUR-1,30
/TPI-FEED-PROGRESS/EQUI/VENDOR,/024-GLU-EQ,/024-GLU-EQ-GEN,EQUI,/GLU-VWG-BLOWER3,30
/TPI-FEED-PROGRESS/EQUI/VENDOR,/024-GLU-EQ,/024-GLU-EQ-GEN,EQUI,/GLU-GEN-1,30
/TPI-FEED-PROGRESS/EQUI/VENDOR,/024-GLU-EQ,/024-GLU-EQ-GEN,EQUI,/GLU-CLASSIFIER_MILL_1-021405PX001-021405ML001,30
/TPI-FEED-PROGRESS/EQUI/VENDOR,/024-GLU-EQ,/024-GLU-EQ-GEN,EQUI,/GLU-VWG-CLASSIFIER_MILL_2,30
/TPI-FEED-PROGRESS/EQUI/VENDOR,/024-GLU-EQ,/024-GLU-EQ-GEN,EQUI,/WWG-DRYER-2,30
/TPI-FEED-PROGRESS/EQUI/VENDOR,/024-GLU-EQ,/024-GLU-EQ-GEN,EQUI,/GLU-FUR-3,30
/TPI-FEED-PROGRESS/EQUI/VENDOR,/027-SEV-EQ,/027-SEV-EQ_NEW,EQUI,/027-SEV-EQ-GEN-BOAT,30
/TPI-FEED-PROGRESS/EQUI/VENDOR,/027-SEV-EQ,/027-SEV-EQ-GEN,EQUI,/Manual_Chain_Hoist-SEV,30
/TPI-FEED-PROGRESS/EQUI/VENDOR,/028-RGM-EQ,/028-RGM-EQ-VES,EQUI,/021802FR006,30
/TPI-FEED-PROGRESS/EQUI/VENDOR,/028-RGM-EQ,/028-RGM-EQ-VES,EQUI,/021802FR005,30
/TPI-FEED-PROGRESS/EQUI/VENDOR,/028-RGM-EQ,/028-RGM-EQ-VES,EQUI,/021802MM001,30
/TPI-FEED-PROGRESS/EQUI/VENDOR,/028-RGM-EQ,/028-RGM-EQ-VES,EQUI,/021802SI004,30
/TPI-FEED-PROGRESS/EQUI/VENDOR,/028-RGM-EQ,/028-RGM-EQ-VES,EQUI,/021802MM002,30
/TPI-FEED-PROGRESS/EQUI/VENDOR,/028-RGM-EQ,/028-RGM-EQ-VES,EQUI,/021802SI001,30
/TPI-FEED-PROGRESS/EQUI/VENDOR,/035-REF-EQ,/035-REF-EQ-TK,EQUI,/0390TK004,30
/TPI-FEED-PROGRESS/EQUI/VENDOR,/035-REF-EQ,/035-REF-EQ-TK,EQUI,/0350TK006,30
/TPI-FEED-PROGRESS/EQUI/VENDOR,/035-REF-EQ,/035-REF-EQ-TK,EQUI,/0350TK005,30
/TPI-FEED-PROGRESS/EQUI/VENDOR,/035-REF-EQ,/035-REF-EQ-TK,EQUI,/0390TK001,30
/TPI-FEED-PROGRESS/EQUI/VENDOR,/035-REF-EQ,/035-REF-EQ-PX,EQUI,/035PX001/K2,30
/TPI-FEED-PROGRESS/EQUI/VENDOR,/035-REF-EQ,/035-REF-EQ-MM,EQUI,/0390MM002,30
/TPI-FEED-PROGRESS/EQUI/VENDOR,/035-REF-EQ,/035-REF-EQ-TK,EQUI,/0390TK002,30
/TPI-FEED-PROGRESS/EQUI/VENDOR,/035-REF-EQ,/035-REF-EQ-PU,EQUI,/0350PU005,30
/TPI-FEED-PROGRESS/EQUI/VENDOR,/035-REF-EQ,/035-REF-EQ-PU,EQUI,/0350PU006,30
/TPI-FEED-PROGRESS/EQUI/VENDOR,/035-REF-EQ,/035-REF-EQ-TK,EQUI,/0390TK003,30
/TPI-FEED-PROGRESS/EQUI/VENDOR,/035-REF-EQ,/035-REF-EQ-PX,EQUI,/035PX001/A3,30
/TPI-FEED-PROGRESS/EQUI/VENDOR,/035-REF-EQ,/035-REF-EQ-PX,EQUI,/035PX001/A1,30
/TPI-FEED-PROGRESS/EQUI/VENDOR,/035-REF-EQ,/035-REF-EQ-PX,EQUI,/035PX001/A2,30
/TPI-FEED-PROGRESS/EQUI/VENDOR,/035-REF-EQ,/035-REF-EQ-PX,EQUI,/035PX001/K3,30
/TPI-FEED-PROGRESS/EQUI/VENDOR,/035-REF-EQ,/035-REF-EQ-PX,EQUI,/035PX001/K1,30
/TPI-FEED-PROGRESS/EQUI/VENDOR,/035-REF-EQ,/035-REF-EQ-MM,EQUI,/0430MMxxx,30
/TPI-FEED-PROGRESS/EQUI/VENDOR,/035-REF-EQ,/035-REF-EQ-MM,EQUI,/0390MM001,30
/TPI-FEED-PROGRESS/EQUI/VENDOR,/035-REF-EQ,/035-REF-EQ-MM,EQUI,/0390MM003,30
/TPI-FEED-PROGRESS/EQUI/VENDOR,/073-SDW-EQ,//073-SDW-EQ-MM,EQUI,//0810MM514,30
/TPI-FEED-PROGRESS/EQUI/VENDOR,/073-SDW-EQ,//073-SDW-EQ-PU,EQUI,//0712PU852,30
/TPI-FEED-PROGRESS/EQUI/VENDOR,/073-SDW-EQ,//073-SDW-EQ-TK,EQUI,//0712TK859,30
/TPI-FEED-PROGRESS/EQUI/VENDOR,/073-SDW-EQ,//073-SDW-EQ-TK,EQUI,//0810TK503,30
/TPI-FEED-PROGRESS/EQUI/VENDOR,/080-SDR-EQ,//080-SDR-EQ-BL,EQUI,/0810BL606,30
/TPI-FEED-PROGRESS/EQUI/VENDOR,/080-SDR-EQ,/080-SDR-EQ-CY,EQUI,/0810CY504,30
/TPI-FEED-PROGRESS/EQUI/VENDOR,/080-SDR-EQ,//080-SDR-EQ-BL,EQUI,/0810FR668,30
/TPI-FEED-PROGRESS/EQUI/VENDOR,/080-SDR-EQ,//080-SDR-EQ-BL,EQUI,/0810BL663,30
/TPI-FEED-PROGRESS/EQUI/VENDOR,/080-SDR-EQ,//080-SDR-EQ-BL,EQUI,/0810FR608,30
/TPI-FEED-PROGRESS/EQUI/VENDOR,/080-SDR-PO,//080-SDR-PO-EQ,EQUI,/VALV1,30
/TPI-FEED-PROGRESS/EQUI/VENDOR,/080-SDR-PO,//080-SDR-PO-EQ,EQUI,/VALV4,30
/TPI-FEED-PROGRESS/EQUI/VENDOR,/080-SDR-PO,//080-SDR-PO-EQ,EQUI,/VALV2,30
/TPI-FEED-PROGRESS/EQUI/VENDOR,/080-SDR-PO,//080-SDR-PO-EQ,EQUI,/VALV3,30
/TPI-FEED-PROGRESS/EQUI/VENDOR,/023-WES-EQ,/023-WES-EQ-TK,EQUI,/021602TK005,80
/TPI-FEED-PROGRESS/PID,/1300R1-INT-PI,/1300R1-INT-PI-16CS22,PIPE,/1330R1-001704-300-LS-16CS22-0004,50
/TPI-FEED-PROGRESS/PID,/1300R1-INT-PI,/1300R1-INT-PI-10SS21,PIPE,/1330R1-001704-250-PNW-10SS21-0003,50
/TPI-FEED-PROGRESS/PID,/1300R1-INT-PI,/1300R1-INT-PI-16CS22,PIPE,/1330R1-001704-400-LS-16CS22-0003,50
/TPI-FEED-PROGRESS/PID,/1300R1-INT-PI,/1300R1-INT-PI-10SS21,PIPE,/1330R1-001704-80-IA-10SS21-0001,50
/TPI-FEED-PROGRESS/PID,/1300R1-INT-PI,/1300R1-INT-PI-16SS21,PIPE,/1330R1-001704-80-PA-16SS21-0001,50
/TPI-FEED-PROGRESS/PID,/1300R1-INT-PI,/1300R1-INT-PI-10SS21,PIPE,/1330R1-001704-200-WW-10SS21-0001,50
/TPI-FEED-PROGRESS/PID,/1300R1-INT-PI,/1300R1-INT-PI-10SS21,PIPE,/1330R1-001704-150-WSS-10SS21-0002,50
/TPI-FEED-PROGRESS/PID,/1300R1-INT-PI,/1330R1-INT-PIPE,PIPE,/1330R1-001704-150-RW-HOLD-0001,50
/TPI-FEED-PROGRESS/PID,/1300R1-INT-PI,/1300R1-INT-PI-16CS22,PIPE,/1330R1-001704-100-SC-16CS22-0004,50
/TPI-FEED-PROGRESS/PID,/1300R1-INT-PI,/1300R1-INT-PI-16CS22,PIPE,/1330R1-001704-50-NA2-16CS22-0001,50
/TPI-FEED-PROGRESS/PID,/1300R1-INT-PI,/1300R1-INT-PI-10SS21,PIPE,/1330R1-001704-80-PC-10SS21-0001,50
/TPI-FEED-PROGRESS/PID,/1300R1-INT-PI,/1300R1-INT-PI-10PU46,PIPE,/1330R1-001704-50-WWP-10PU46-0001,50
/TPI-FEED-PROGRESS/PID,/1300R1-INT-PI,/1300R1-INT-PI-25CS22,PIPE,/1330R1-001704-400-LS-25CS22-0004,50
/TPI-FEED-PROGRESS/PID,/1330R2-INT-PI,/1330R2-INT-PIPE,PIPE,/1330R2-001704-150-HOLD-HOLD-HOLD-HC,50
/TPI-FEED-PROGRESS/PID,/1330R2-INT-PI,/1330R2-INT-PIPE,PIPE,/1330R2-001704-150-HOLD-HOLD-HOLD-PP,50
/TPI-FEED-PROGRESS/PID,/1330R2-INT-PI,/1330R2-INT-PI-10SS21,PIPE,/1330R2-001704-80-WSS-10SS21-0001,50
/TPI-FEED-PROGRESS/PID,/1330R2-INT-PI,/1330R2-INT-PI-16SS21,PIPE,/1330R2-001704-50-WSS-16SS21-0001,50
/TPI-FEED-PROGRESS/PID,/1330R2-INT-PI,/1330R2-INT-PI-16SS21,PIPE,/1330R2-001704-80-PA-16SS21-0001,50
/TPI-FEED-PROGRESS/PID,/1330R2-INT-PI,/1330R2-INT-PI-10SS21,PIPE,/1330R2-001704-200-WW-10SS21-0001,50
/TPI-FEED-PROGRESS/PID,/1330R2-INT-PI,/1330R2-INT-PIPE,PIPE,/1330R2-001704-150-HW-HOLD-0001-HC,50
/TPI-FEED-PROGRESS/PID,/1330R2-INT-PI,/1330R2-INT-PI-16CS22,PIPE,/1330R2-001704-50-NA2-16CS22-0001,50
/TPI-FEED-PROGRESS/PID,/1330R2-INT-PI,/1330R2-INT-PI-16CS22,PIPE,/1130R2-001704-100-SC-16CS22-0001,50
/TPI-FEED-PROGRESS/PID,/1330R2-INT-PI,/1330R2-INT-PI-10SS21,PIPE,/1330R2-001704-80-IA-10SS21-0001,50
/TPI-FEED-PROGRESS/PID,/1330R2-INT-PI,/1330R2-INT-PIPE,PIPE,/1330R2-001704-150-HW-HOLD-0002-PP,50
/TPI-FEED-PROGRESS/PID,/1330R2-INT-PI,/1330R2-INT-PIPE,PIPE,/1330R2-001704-150-RW-HOLD-0001,50
/TPI-FEED-PROGRESS/PID,/1330R2-INT-PI,/1330R2-INT-PI-25CS22,PIPE,/1330R2-001704-400-LS-25CS22-0004,50
/TPI-FEED-PROGRESS/PID,/1330R2-INT-PI,/1330R2-INT-PI-10PU46,PIPE,/1330R2-001704-50-WWP-10PU46-0001,50
/TPI-FEED-PROGRESS/PID,/1330R2-INT-PI,/1330R2-INT-PI-10SS21,PIPE,/1330R2-001704-250-PNW-10SS21-0003,50
/TPI-FEED-PROGRESS/PID,/1330R2-INT-PI,/1330R2-INT-PI-10CS21,PIPE,/1330R2-001704-300-CWR2-10CS21-0002,50
/TPI-FEED-PROGRESS/PID,/1330R3-INT-PI,/1330R3-INT-PI-16CS22,PIPE,/1330R3-001704-50-NA2-16CS22-0001,50
/TPI-FEED-PROGRESS/PID,/1330R3-INT-PI,/1330R3-INT-PI-10PU46,PIPE,/1330R3-001704-50-WWP-10PU46-0001,50
/TPI-FEED-PROGRESS/PID,/1330R3-INT-PI,/1330R3-INT-PI-10SS21,PIPE,/1330R3-001704-80-PC-10SS21-0001,50
/TPI-FEED-PROGRESS/PID,/1330R4-INT-PI,/1330R4-INT-PI-10SS21,PIPE,/1330R4-001704-80-WSS-10SS21-0001,50
/TPI-FEED-PROGRESS/PID,/1330R4-INT-PI,/1330R4-INT-PIPE,PIPE,/1330R4-001704-150-RW-HOLD-0001,50
/TPI-FEED-PROGRESS/PID,/1330R4-INT-PI,/1330R4-INT-PI-16SS21,PIPE,/1330R4-001704-150-HW-16SS21-00X2-PP,50
/TPI-FEED-PROGRESS/PID,/1330R4-INT-PI,/1330R4-INT-PI-16SS21,PIPE,/1330R4-001704-150-HW-16SS21-000X-HC,50
/TPI-FEED-PROGRESS/PID,/1330R4-INT-PI,/1330R4-INT-PI-10SS21,PIPE,/1330R4-001704-250-PNW-10SS21-0003,50
/TPI-FEED-PROGRESS/PID,/1330R4-INT-PI,/1330R4-INT-PI-10SS21,PIPE,/1330R4-001704-200-WW-10SS21-0001,50
/TPI-FEED-PROGRESS/PID,/1330R4-INT-PI,/1330R4-INT-PI-16CS22,PIPE,/1330R4-001704-100-SC-16CS22-0004,50
/TPI-FEED-PROGRESS/PID,/1330R4-INT-PI,/1330R4-INT-PI-16SS21,PIPE,/1330R4-001704-50-WSS-16SS21-0001,50
/TPI-FEED-PROGRESS/PID,/1330R4-INT-PI,/1330R4-INT-PI-10SS21,PIPE,/1330R4-001704-80-IA-10SS21-0001,50
/TPI-FEED-PROGRESS/PID,/1330R4-INT-PI,/1330R4-INT-PI-25CS22,PIPE,/1330R4-001704-400-LS-25CS22-0001,50
/TPI-FEED-PROGRESS/PID,/1330R4-INT-PI,/1330R4-INT-PI-16SS21,PIPE,/1330R4-001704-80-PA-16SS21-0001,50
/TPI-FEED-PROGRESS/PID,/1330R5-INT-PI,/1330R5-INT-PI-10SS21,PIPE,/1330R5-001704-250-PNW-10SS21-0001,50
/TPI-FEED-PROGRESS/PID,/1330R5-INT-PI,/1330R5-INT-PI-10SS21,PIPE,/1330R5-001704-50-AI-10SS21-0005,50
/TPI-FEED-PROGRESS/PID,/1330R5-INT-PI,/1330R5-INT-PI-10CS21,PIPE,/1330R5-001704-300-CWS2-10CS21-0002,50
/TPI-FEED-PROGRESS/PID,/1330R5-INT-PI,/1330R5-INT-PIPE,PIPE,/1330R5-001704-150-HW--HOLD-0001-HC,50
/TPI-FEED-PROGRESS/PID,/1330R5-INT-PI,/1330R5-INT-PI-25CS22,PIPE,/1330R5-001704-350-LS-25CS22-0001,50
/TPI-FEED-PROGRESS/PID,/1330R5-INT-PI,/1330R5-INT-PI-16SS21,PIPE,/1330R5-001704-80-PA-16SS21-0001,50
/TPI-FEED-PROGRESS/PID,/1330R5-INT-PI,/1330R5-INT-PI-16CS22,PIPE,/1330R5-001704-100-SC-16CS22-0001,50
/TPI-FEED-PROGRESS/PID,/1330R5-INT-PI,/1330R5-INT-PI-16CS22,PIPE,/1330R5-001704-50-NA2-16CS22-0001,50
/TPI-FEED-PROGRESS/PID,/1330R5-INT-PI,/1330R5-INT-PI-16CS22,PIPE,/1330R5-001704-300-LSP-16CS22-0004,50
/TPI-FEED-PROGRESS/PID,/1330R5-INT-PI,/1330R5-INT-PI-10PV46,PIPE,/1330R5-001704-50-HA3-10PV46-0001,50
/TPI-FEED-PROGRESS/PID,/1330R5-INT-PI,/1330R5-INT-PI-10SS21,PIPE,/1330R5-001704-150-WSS-10SS21-0002,50
/TPI-FEED-PROGRESS/PID,/1330R5-INT-PI,/1330R5-INT-PI-10SS21,PIPE,/1330R5-001704-80-WSS-10SS21-0001,50
/TPI-FEED-PROGRESS/PID,/1330R5-INT-PI,/1330R5-INT-PI-10SS21,PIPE,/1330R5-001704-80-PC-10SS21-0001,50
/TPI-FEED-PROGRESS/PID,/1330R5-INT-PI,/1330R5-INT-PI-10CS21,PIPE,/1330R5-001704-300-CWR2-10CS21-0002,50
/TPI-FEED-PROGRESS/PID,/1330R5-INT-PI,/1330R5-INT-PIPE,PIPE,/1330R5-001704-150-HW-HOLD-0002-PP,50
/TPI-FEED-PROGRESS/PID,/1330R5-INT-PI,/1330R5-INT-PI-16SS21,PIPE,/1330R5-001704-50-WSS-16SS21-0001,50
/TPI-FEED-PROGRESS/PID,/1330R6-INT-PI,/1330R6-INT-PI-10CS21,PIPE,/1330R6-001704-250-CWS2-10CS21-0003,50
/TPI-FEED-PROGRESS/PID,/1330R6-INT-PI,/1330R6-INT-PI-10SS21,PIPE,/1330R6-001704-50-PA-10SS21-0008,50
/TPI-FEED-PROGRESS/PID,/1330R6-INT-PI,/1330R6-INT-PI-25CS22,PIPE,/1330R6-001704-250-LS-25CS22-HOLD,50
/TPI-FEED-PROGRESS/PID,/1330R6-INT-PI,/1330R6-INT-PI-10SS21,PIPE,/1330R6-001704-100-PNW-10SS21-0003,50
/TPI-FEED-PROGRESS/PID,/1330R6-INT-PI,/1330R6-INT-PI-10CS21,PIPE,/1330R6-001704-250-CWR1-10CS21-0003,50
/TPI-FEED-PROGRESS/PID,/1330R6-INT-PI,/1330R6-INT-PI-10SS21,PIPE,/1330R6-001704-50-IA-10SS21-0001,50
/TPI-FEED-PROGRESS/PID,/1330R6-INT-PI,/1330R6-INT-PI-10PV46,PIPE,/1330R6-001704-50-WWP1-10PV46-0001,50
/TPI-FEED-PROGRESS/PID,/1330R6-INT-PI,/1330R6-INT-PI-16CS22,PIPE,/1330R6-001704-400-LSP-16CS22-0003,50
/TPI-FEED-PROGRESS/PID,/1330R6-INT-PI,/1330R6-INT-PI-10SS21,PIPE,/1330R6-001704-200-WW-10SS21-0001,50
/TPI-FEED-PROGRESS/PID,/1330R7-INT-PI,/1330R7-INT-PI-25CS22,PIPE,/1330R7-001704-100-LS-25CS22-0003,50
/TPI-FEED-PROGRESS/PID,/1330R7-INT-PI,/1330R7-INT-PI-10SS21,PIPE,/1330R7-001704-150-WGL-10SS21-0002,50
/TPI-FEED-PROGRESS/PID,/1330R7-INT-PI,/1330R7-INT-PI-10SS21,PIPE,/1330R7-001704-50-PA-10SS21-0006,50
/TPI-FEED-PROGRESS/PID,/1330R7-INT-PI,/1330R7-INT-PI-10SS21,PIPE,/1330R7-001704-150-WGL-10SS21-0001,50
/TPI-FEED-PROGRESS/PID,/1330R7-INT-PI,/1330R7-INT-PI-10SS21,PIPE,/1330R7-001704-150-WGL-10SS21-0004,50
/TPI-FEED-PROGRESS/PID,/1330R7-INT-PI,/1330R7-INT-PI-10SS21,PIPE,/1330R7-001704-50-PA-10SS21-0046,50
/TPI-FEED-PROGRESS/PID,/028A2-BPL-PI,/028A2-BPL-PI-10SS21,PIPE,/028A1-001704-50-PA-10SS21-0009,50
/TPI-FEED-PROGRESS/PID,/028A2-BPL-PI,/028A2-BPL-PI-10SS21,PIPE,/028A2-001704-50-PA-10SS21-0046,50
/TPI-FEED-PROGRESS/PID,/028A2-BPL-PI,/028A2-BPL-PI-16SS21,PIPE,/028A2-021908-25-PA-16SS21-0036,50
/TPI-FEED-PROGRESS/PID,/028A2-BPL-PI,/028A2-BPL-PI-10SS21,PIPE,/028A2-021908-50-PA-10SS21-0037,50
/TPI-FEED-PROGRESS/PID,/028A2-BPL-PI,/028A2-BPL-PI-10SS21,PIPE,/028A2-021908-50-PA-10SS21-0042,50
/TPI-FEED-PROGRESS/PID,/023A2-WES-PI,/023A2-WES-PI/10SS21,PIPE,/023A2-021601-150-WSS-10SS21-0062,50
/TPI-FEED-PROGRESS/PID,/023A2-WES-PI,/023A2-WES-PI/10SS21,PIPE,/023A2-021919-100-PNW-10SS21-0008,50
/TPI-FEED-PROGRESS/PID,/023A2-WES-PI,/023A2-WES-PI/10SS21,PIPE,/023A2-021303-150-WWG-10SS21-0004,50
/TPI-FEED-PROGRESS/PID,/023A2-WES-PI,/023A2-WES-PI/10SS21,PIPE,/023A2-021601-150-WSS-10SS21-0023,50
/TPI-FEED-PROGRESS/PID,/023A2-WES-PI,/023A2-WES-PI/10SS21,PIPE,/023A2-021603-150-WSS-10SS21-0050,50
/TPI-FEED-PROGRESS/PID,/023A2-WES-PI,/023A2-WES-PI/10SS21,PIPE,/023A2-021501-100-PV-10SS21-0003,50
/TPI-FEED-PROGRESS/PID,/023A2-WES-PI,/023A2-WES-PI/10SS21,PIPE,/023A2-021403-100-WWG-10SS21-0010,50
/TPI-FEED-PROGRESS/PID,/023A2-WES-PI,/023A2-WES-PI/10SS21,PIPE,/023A2-021603-150-WSS-10SS21-0009,50
/TPI-FEED-PROGRESS/PID,/023A2-WES-PI,/023A2-WES-PI/10SU21,PIPE,/023A2-021921-100-PNW-10SS21-0009,50
/TPI-FEED-PROGRESS/PID,/023A2-WES-PI,/023A2-WES-PI/10SS21,PIPE,/023A2-021402-100-WSS-10SS21-0009,50
/TPI-FEED-PROGRESS/PID,/023A2-WES-PI,/023A2-WES-PI/10SS21,PIPE,/023A2-021601-150-WSS-10SS21-0065,50
/TPI-FEED-PROGRESS/PID,/023A2-WES-PI,/023A2-WES-PI/10SS21,PIPE,/023A2-021919-400-PNW-10SS21-0003,50
/TPI-FEED-PROGRESS/PID,/023A2-WES-PI,/023A2-WES-PI/10SS21,PIPE,/023A2-021303-200-WD-10SS21-0002,50
/TPI-FEED-PROGRESS/PID,/023A2-WES-PI,/023A2-WES-PI/10SS21,PIPE,/023A2-021601-200-WSS-10SS21-0029,50
/TPI-FEED-PROGRESS/PID,/023A2-WES-PI,/023A2-WES-PI/10SS21,PIPE,/023A2-021603-150-WSS-10SS21-0052,50
/TPI-FEED-PROGRESS/PID,/023A2-WES-PI,/023A2-WES-PI/10SS21,PIPE,/023A2-021501-100-PV-10SS21-0001,50
/TPI-FEED-PROGRESS/PID,/023A2-WES-PI,/023A2-WES-PI/10SS21,PIPE,/023A2-021403-200-WWG-10SS21-0013,50
/TPI-FEED-PROGRESS/PID,/023A2-WES-PI,/023A2-WES-PI/10SS21,PIPE,/023A2-021603-200-WSS-10SS21-0012,50
/TPI-FEED-PROGRESS/PID,/023A2-WES-PI,/023A2-WES-PI/10SS21,PIPE,/023A2-021402-100-WSS-10SS21-0015,50
/TPI-FEED-PROGRESS/PID,/023A2-WES-PI,/023A2-WES-PI/10SS21,PIPE,/023A2-021601-200-WSS-10SS21-0068,50
/TPI-FEED-PROGRESS/PID,/023A2-WES-PI,/023A2-WES-PI/10SS21,PIPE,/023A2-021603-150-WSS-10SS21-0061,50
/TPI-FEED-PROGRESS/PID,/023A2-WES-PI,/023A2-WES-PI/10SS21,PIPE,/023A2-021303-200-WD-10SS21-0004,50
/TPI-FEED-PROGRESS/PID,/023A2-WES-PI,/023A2-WES-PI/10SS21,PIPE,/023A2-021601-150-WSS-10SS21-0031,50
/TPI-FEED-PROGRESS/PID,/023A2-WES-PI,/023A2-WES-PI/10SS21,PIPE,/023A2-021933-300-PV-10SS21-0004,50
/TPI-FEED-PROGRESS/PID,/023A2-WES-PI,/023A2-WES-PI/10SS21,PIPE,/023A2-021302-200-WD-10SS21-0007,50
/TPI-FEED-PROGRESS/PID,/023A2-WES-PI,/023A2-WES-PI/10SS21,PIPE,/023A2-021603-150-WSS-10SS21-0016,50
/TPI-FEED-PROGRESS/PID,/023A2-WES-PI,/023A2-WES-PI/16SU21,PIPE,/023A2-021601-100-MD2-16SU21-0003,50
/TPI-FEED-PROGRESS/PID,/023A2-WES-PI,/023A2-WES-PI/10SS21,PIPE,/023A2-021402-100-WWG-10SS21-0006,50
/TPI-FEED-PROGRESS/PID,/023A2-WES-PI,/023A2-WES-PI/10SS21,PIPE,/023A2-021601-200-WSS-10SS21-0070,50
/TPI-FEED-PROGRESS/PID,/023A2-WES-PI,/023A2-WES-PI/10SS21,PIPE,/023A2-021303-200-WD-10SS21-0006,50
/TPI-FEED-PROGRESS/PID,/023A2-WES-PI,/023A2-WES-PI/10SS21,PIPE,/023A2-021601-100-WSS-10SS21-0035,50
/TPI-FEED-PROGRESS/PID,/023A2-WES-PI,/023A2-WES-PI/10SS21,PIPE,/023A2-021302-200-WD-10SS21-0009,50
/TPI-FEED-PROGRESS/PID,/023A2-WES-PI,/023A2-WES-PI/10SS21,PIPE,/023A2-021403-100-WWG-10SS21-0046,50
/TPI-FEED-PROGRESS/PID,/023A2-WES-PI,/023A2-WES-PI/10SS21,PIPE,/023A2-021603-200-WSS-10SS21-0017,50
/TPI-FEED-PROGRESS/PID,/023A2-WES-PI,/023A2-WES-PI/16SU21,PIPE,/023A2-021601-150-MD2-16SU21-0005,50
/TPI-FEED-PROGRESS/PID,/023A2-WES-PI,/023A2-WES-PI/10SS21,PIPE,/023A2-021602-100-WFS-10SS21-0010,50
/TPI-FEED-PROGRESS/PID,/023A2-WES-PI,/023A2-WES-PI/10SS21,PIPE,/023A2-021303-200-WD-10SS21-0008,50
/TPI-FEED-PROGRESS/PID,/023A2-WES-PI,/023A2-WES-PI/10SS21,PIPE,/023A2-021601-150-WSS-10SS21-0037,50
/TPI-FEED-PROGRESS/PID,/023A2-WES-PI,/023A2-WES-PI/10SS21,PIPE,/023A2-021919-100-PNW-10SS21-0006,50
/TPI-FEED-PROGRESS/PID,/023A2-WES-PI,/023A2-WES-PI/10SS21,PIPE,/023A2-021402-150-WSS-10SS21-0007,50
/TPI-FEED-PROGRESS/PID,/023A2-WES-PI,/023A2-WES-PI/10SS21,PIPE,/023A2-021303-150-WWG-10SS21-0001,50
/TPI-FEED-PROGRESS/PID,/023A2-WES-PI,/023A2-WES-PI/10SS21,PIPE,/023A2-021501-100-WPE-10SS21-0005,50
/TPI-FEED-PROGRESS/PID,/023A2-WES-PI,/023A2-WES-PI/10SS21,PIPE,/023A2-021603-150-WSS-10SS21-0026,50
/TPI-FEED-PROGRESS/PID,/023A2-WES-PI,/023A2-WES-PI/16SU21,PIPE,/023A2-021601-100-MD2-16SU21-0023,50
/TPI-FEED-PROGRESS/PID,/023A2-WES-PI,/023A2-WES-PI/10SS21,PIPE,/023A2-021402-200-WWG-10SS21-0032,50
/TPI-FEED-PROGRESS/PID,/023A2-WES-PI,/023A2-WES-PI/10SS21,PIPE,/023A2-021602-200-WSS-10SS21-0026,50
/TPI-FEED-PROGRESS/PID,/023A2-WES-PI,/023A2-WES-PI/10SS21,PIPE,/023A2-021402-150-WSS-10SS21-0003,50
/TPI-FEED-PROGRESS/PID,/023A2-WES-PI,/023A2-WES-PI/10SS21,PIPE,/023A2-021601-80-WSS-10SS21-0045,50
/TPI-FEED-PROGRESS/PID,/023A2-WES-PI,/023A2-WES-PI/10SS21,PIPE,/023A2-021919-100-PNW-10SS21-0004,50
/TPI-FEED-PROGRESS/PID,/023A2-WES-PI,/023A2-WES-PI/10SS21,PIPE,/023A2-021303-150-WWG-10SS21-0003,50
/TPI-FEED-PROGRESS/PID,/023A2-WES-PI,/023A2-WES-PI/10SS21,PIPE,/023A2-021601-300-WSS-10SS21-0007,50
/TPI-FEED-PROGRESS/PID,/023A2-WES-PI,/023A2-WES-PI/10SS21,PIPE,/023A2-021603-100-WSS-10SS21-0049,50
/TPI-FEED-PROGRESS/PID,/023A2-WES-PI,/023A2-WES-PI/16SS21,PIPE,/023A2-021602-200-WSS-16SS21-0006,50
/TPI-FEED-PROGRESS/PID,/023A2-WES-PI,/023A2-WES-PI/10SS21,PIPE,/023A2-021403-100-WWG-10SS21-0009,50
/TPI-FEED-PROGRESS/PID,/023A2-WES-PI,/023A2-WES-PI/10SS21,PIPE,/023A2-021603-150-WSS-10SS21-0006,50
/TPI-FEED-PROGRESS/PID,/023A2-WES-PI,/023A2-WES-PI/10SU21,PIPE,/023A2-021921-150-PNW-10SS21-0003,50
/TPI-FEED-PROGRESS/PID,/023A2-WES-PI,/023A2-WES-PI/10SS21,PIPE,/023A2-021601-200-WSS-10SS21-0064,50
/TPI-FEED-PROGRESS/PID,/023A2-WES-PI,/023A2-WES-PI/10SS21,PIPE,/023A2-021919-100-PNW-10SS21-0005,50
/TPI-FEED-PROGRESS/PID,/023A2-WES-PI,/023A2-WES-PI/10SS21,PIPE,/023A2-021303-200-WD-10SS21-0001,50
/TPI-FEED-PROGRESS/PID,/023A2-WES-PI,/023A2-WES-PI/10SS21,PIPE,/023A2-021601-150-WSS-10SS21-0028,50
/TPI-FEED-PROGRESS/PID,/023A2-WES-PI,/023A2-WES-PI/10SS21,PIPE,/023A2-021603-150-WSS-10SS21-0051,50
/TPI-FEED-PROGRESS/PID,/023A2-WES-PI,/023A2-WES-PI/10SS21,PIPE,/023A2-021933-400-PV-10SS21-0002,50
/TPI-FEED-PROGRESS/PID,/023A2-WES-PI,/023A2-WES-PI/10SS21,PIPE,/023A3-021501-100-PV-10SS21-0002,50
/TPI-FEED-PROGRESS/PID,/023A2-WES-PI,/023A2-WES-PI/10SS21,PIPE,/023A2-021403-100-WWG-10SS21-0011,50
/TPI-FEED-PROGRESS/PID,/023A2-WES-PI,/023A2-WES-PI/10SU21,PIPE,/023A2-021601-100-AV-10SU21-0008,50
/TPI-FEED-PROGRESS/PID,/023A2-WES-PI,/023A2-WES-PI/10SS21,PIPE,/023A2-021402-150-WSS-10SS21-0010,50
/TPI-FEED-PROGRESS/PID,/023A2-WES-PI,/023A2-WES-PI/10SS21,PIPE,/023A2-021601-200-WSS-10SS21-0067,50
/TPI-FEED-PROGRESS/PID,/023A2-WES-PI,/023A2-WES-PI/10SS21,PIPE,/023A2-021603-150-WSS-10SS21-0046,50
/TPI-FEED-PROGRESS/PID,/023A2-WES-PI,/023A2-WES-PI/10SS21,PIPE,/023A2-021402-100-WWS-10SS21-0012,50
/TPI-FEED-PROGRESS/PID,/023A2-WES-PI,/023A2-WES-PI/10SS21,PIPE,/023A2-021303-200-WD-10SS21-0003,50
/TPI-FEED-PROGRESS/PID,/023A2-WES-PI,/023A2-WES-PI/10SS21,PIPE,/023A2-021601-250-WSS-10SS21-0030,50
/TPI-FEED-PROGRESS/PID,/023A2-WES-PI,/023A2-WES-PI/10SS21,PIPE,/023A2-021933-600-PV-10SS21-0003,50
/TPI-FEED-PROGRESS/PID,/023A2-WES-PI,/023A2-WES-PI/10SS21,PIPE,/023A2-021501-100-PV-10SS21-0004,50
/TPI-FEED-PROGRESS/PID,/023A2-WES-PI,/023A2-WES-PI/10SS21,PIPE,/023A2-021403-200-WWG-10SS21-0016,50
/TPI-FEED-PROGRESS/PID,/023A2-WES-PI,/023A2-WES-PI/10SS21,PIPE,/023A2-021403-200-WWG-10SS21-0014,50
/TPI-FEED-PROGRESS/PID,/023A2-WES-PI,/023A2-WES-PI/10SS21,PIPE,/A23A2-021603-100-WSS-10SS21-0013,50
/TPI-FEED-PROGRESS/PID,/023A2-WES-PI,/023A2-WES-PI/10SU21,PIPE,/023A2-021601-100-AV-10SU21-0010,50
/TPI-FEED-PROGRESS/PID,/023A2-WES-PI,/023A2-WES-PI/10SS21,PIPE,/023A2-021402-100-WWG-10SS21-0005,50
/TPI-FEED-PROGRESS/PID,/023A2-WES-PI,/023A2-WES-PI/10SS21,PIPE,/023A2-021601-250-WSS-10SS21-0069,50
/TPI-FEED-PROGRESS/PID,/023A2-WES-PI,/023A2-WES-PI/10SS21,PIPE,/023A2-021604-100-WSS-10SS21-0003,50
/TPI-FEED-PROGRESS/PID,/023A2-WES-PI,/023A2-WES-PI/10SS21,PIPE,/023A2-021303-200-WD-10SS21-0005,50
/TPI-FEED-PROGRESS/PID,/023A2-WES-PI,/023A2-WES-PI/10SS21,PIPE,/023A2-021601-100-WSS-10SS21-0034,50
/TPI-FEED-PROGRESS/PID,/023A2-WES-PI,/023A2-WES-PI/10SS21,PIPE,/023A2-021933-300-PV-10SS21-0001,50
/TPI-FEED-PROGRESS/PID,/023A2-WES-PI,/023A2-WES-PI/10SS21,PIPE,/023A2-021302-200-WD-10SS21-0008,50
/TPI-FEED-PROGRESS/PID,/023A2-WES-PI,/023A2-WES-PI/10SS21,PIPE,/023A2-021403-200-WWG-10SS21-0017,50
/TPI-FEED-PROGRESS/PID,/023A2-WES-PI,/023A2-WES-PI/10SS21,PIPE,/023A2-021603-150-WSS-10SS21-0014,50
/TPI-FEED-PROGRESS/PID,/023A2-WES-PI,/023A2-WES-PI/10SU21,PIPE,/023A2-021601-100-AV-10SU21-0009,50
/TPI-FEED-PROGRESS/PID,/023A2-WES-PI,/023A2-WES-PI/16SU21,PIPE,/023A2-021601-150-MD2-16SU21-0004,50
/TPI-FEED-PROGRESS/PID,/023A2-WES-PI,/023A2-WES-PI/10SS21,PIPE,/023A2-021402-100-WWG-10SS21-0007,50
/TPI-FEED-PROGRESS/PID,/023A2-WES-PI,/023A2-WES-PI/10SS21,PIPE,/023A2-021601-100-WSS-10SS21-0075,50
/TPI-FEED-PROGRESS/PID,/023A2-WES-PI,/023A2-WES-PI/10SS21,PIPE,/023A2-021303-200-WD-10SS21-0007,50
/TPI-FEED-PROGRESS/PID,/023A2-WES-PI,/023A2-WES-PI/10SS21,PIPE,/023A2-021601-200-WSS-10SS21-0036,50
/TPI-FEED-PROGRESS/PID,/023A2-WES-PI,/023A2-WES-PI/10SS21,PIPE,/023A2-021933-400-PV-10SS21-0005,50
/TPI-FEED-PROGRESS/PID,/023A2-WES-PI,/023A2-WES-PI/10SS21,PIPE,/023A2-021302-200-WD-10SS21-0010,50
/TPI-FEED-PROGRESS/PID,/023A2-WES-PI,/023A2-WES-PI/10SS21,PIPE,/023A2-021403-200-WWG-10SS21-0047,50
/TPI-FEED-PROGRESS/PID,/023A2-WES-PI,/023A2-WES-PI/10SS21,PIPE,/A23A2-021603-100-WSS-10SS21-0018,50
/TPI-FEED-PROGRESS/PID,/023A2-WES-PI,/023A2-WES-PI/16SU21,PIPE,/023A2-021601-150-MD2-16SU21-0006,50
/TPI-FEED-PROGRESS/PID,/023A2-WES-PI,/023A2-WES-PI/10SS21,PIPE,/023A2-021402-200-WWG-10SS21-0031,50
/TPI-FEED-PROGRESS/PID,/023A2-WES-PI,/023A2-WES-PI/10SS21,PIPE,/023A2-021602-400-WSS-10SS21-0025,50
/TPI-FEED-PROGRESS/PID,/023A2-WES-PI,/023A2-WES-PI/10SS21,PIPE,/023A2-021402-150-WSS-10SS21-0001,50
/TPI-FEED-PROGRESS/PID,/023A2-WES-PI,/023A2-WES-PI/10SS21,PIPE,/023A2-021919-100-PNW-10SS21-0007,50
/TPI-FEED-PROGRESS/PID,/023A2-WES-PI,/023A2-WES-PI/10SS21,PIPE,/023A2-021303-150-WWG-10SS21-0002,50
/TPI-FEED-PROGRESS/PID,/023A2-WES-PI,/023A2-WES-PI/10SS21,PIPE,/023A2-021501-100-WPE-10SS21-0007,50
/TPI-FEED-PROGRESS/PID,/023A2-WES-PI,/023A2-WES-PI/10SS21,PIPE,/023A2-021603-150-WSS-10SS21-0029,50
/TPI-FEED-PROGRESS/PID,/023A2-WES-PI,/023A2-WES-PI/10SS21,PIPE,/023A2-021603-250-WSS-10SS21-0011,50
/TPI-FEED-PROGRESS/PID,/023A2-WES-PI,/023A2-WES-PI/16SS21,PIPE,/023A2-021601-200-WSS-16SS21-0005,50
/TPI-FEED-PROGRESS/PID,/023A2-WES-PI,/023A2-WES-PI/10SS21,PIPE,/023A2-021403-100-WWG-10SS21-0008,50
/TPI-FEED-PROGRESS/PID,/023A2-WES-PI,/023A2-WES-PI/10SS21,PIPE,/023A2-021603-150-WSS-10SS21-0004,50
/TPI-FEED-PROGRESS/PID,/023A2-WES-PI,/023A2-WES-PI/10SS21,PIPE,/023A2-021601-100-WSS-10SS21-0041,50
/TPI-FEED-PROGRESS/PID,/023A2-WES-PI,/023A2-WES-PI/10SU21,PIPE,/023A2-021921-200-PNW-10SS21-0002,50
/TPI-FEED-PROGRESS/PID,/023A2-WES-PI,/023A2-WES-PI/10SS21,PIPE,/023A2-021402-150-WSS-10SS21-0005,50
/TPI-FEED-PROGRESS/PID,/024A1-GLU-PI,/024A1-GLU-PI/10SS21,PIPE,/cancelled024A1-021405-150-WGL-10SS21-0002,50
/TPI-FEED-PROGRESS/PID,/024A1-GLU-PI,/024A1-GLU-PI/10SS21,PIPE,/024A1-021404-150-WGL-10SS21-0001,50
/TPI-FEED-PROGRESS/PID,/024A1-GLU-PI,/024A1-GLU-PI/25CS22,PIPE,/cancelled,50
/TPI-FEED-PROGRESS/PID,/024A1-GLU-PI,/024A1-GLU-PI/25CS22,PIPE,/024A1-cancelled,50
/TPI-FEED-PROGRESS/PID,/024A1-GLU-PI,/024A1-GLU-PI/10SS21,PIPE,/cancelled024A1-021405-150-WGL-10SS21-0006,50
/TPI-FEED-PROGRESS/PID,/024A1-GLU-PI,/024A1-GLU-PI/10SS21,PIPE,/024A1-021404-150-WGL-10SS21-0002,50
/TPI-FEED-PROGRESS/PID,/024A1-GLU-PI,/024A1-GLU-PI/10SS21,PIPE,/024A1-021404-150-WGL-10SS21-0003,50
/TPI-FEED-PROGRESS/PID,/024A1-GLU-PI,/024A1-GLU-PI/25CS22,PIPE,/024Acancelled,50
/TPI-FEED-PROGRESS/PID,/024A1-GLU-PI,/024A1-GLU-PI/10SS21,PIPE,/cancelled024A1-021405-150-WGL-10SS21-0001,50
/TPI-FEED-PROGRESS/PID,/024A1-GLU-PI,/024A1-GLU-PI/16SS21,PIPE,/024A1-021403-150-WWG-16SS21-0034,50
/TPI-FEED-PROGRESS/PID,/024A1-GLU-PI,/024A1-GLU-PI/16SS21,PIPE,/024A1-021403-150-WWG-16SS21-0036,50
/TPI-FEED-PROGRESS/PID,/024A1-GLU-PI,/024A1-GLU-PI/16SS21,PIPE,/024A1-021403-150-WWG-16SS21-0037,50
/TPI-FEED-PROGRESS/PID,/024A2-GLU-PI,/024A2-GLU-PI/25CS22,PIPE,/024A2-001704-100-LS-25CS22-0003,50
/TPI-FEED-PROGRESS/PID,/024A2-GLU-PI,/024A2-GLU-PI/10SS21,PIPE,/024A2-001704-50-PA-10SS21-0046,50
/TPI-FEED-PROGRESS/PID,/027A1-SEV-PI,/UNDERGROUND,PIPE,/001000-200-WF-HOLD-0010,50
/TPI-FEED-PROGRESS/PID,/027A1-SEV-PI,/UNDERGROUND,PIPE,/001000-150-WF-HOLD-0008,50
/TPI-FEED-PROGRESS/PID,/027A1-SEV-PI,/UNDERGROUND,PIPE,/001000-150-WF-HOLD-0005,50
/TPI-FEED-PROGRESS/PID,/027A1-SEV-PI,/UNDERGROUND,PIPE,/001000-200-WF-HOLD-0002,50
/TPI-FEED-PROGRESS/PID,/027A1-SEV-PI,/UNDERGROUND,PIPE,/001000-150-WF-HOLD-0006,50
/TPI-FEED-PROGRESS/PID,/027A1-SEV-PI,/UNDERGROUND,PIPE,/001000-150-WF-HOLD-0009,50
/TPI-FEED-PROGRESS/PID,/027A1-SEV-PI,/UNDERGROUND,PIPE,/001000-200-WF-HOLD-0003,50
/TPI-FEED-PROGRESS/PID,/027A1-SEV-PI,/UNDERGROUND,PIPE,/001000-150-WF-HOLD-0011,50
/TPI-FEED-PROGRESS/PID,/027A1-SEV-PI,/UNDERGROUND,PIPE,/001000-150-WF-HOLD-0007,50
/TPI-FEED-PROGRESS/PID,/027A1-SEV-PI,/UNDERGROUND,PIPE,/001000-150-WF-HOLD-0004,50
/TPI-FEED-PROGRESS/PID,/027A1-SEV-PI,/UNDERGROUND,PIPE,/001000-150-WF-HOLD-0001,50
/TPI-FEED-PROGRESS/PID,/023A3-WES-PI,/023A3-WES-PI/10SS21,PIPE,/023A3-021402-100-WWG-10SS21-0025,70
/TPI-FEED-PROGRESS/PID,/023A3-WES-PI,/023A3-WES-PI/10SS21,PIPE,/023A3-021604-150-WSS-10SS21-0009,70
/TPI-FEED-PROGRESS/PID,/023A3-WES-PI,/023A3-WES-PI/10SS21,PIPE,/023A3-021604-150-WSS-10SS21-0038,70
/TPI-FEED-PROGRESS/PID,/023A3-WES-PI,/023A3-WES-PI/10SS21,PIPE,/023A3-021402-100-WWG-10SS21-0014,70
/TPI-FEED-PROGRESS/PID,/023A3-WES-PI,/023A3-WES-PI/10SS21,PIPE,/023A3-021604-150-WSS-10SS21-0025,70
/TPI-FEED-PROGRESS/PID,/023A3-WES-PI,/023A3-WES-PI/10SS21,PIPE,/023A4-021921-100-PNW-10SS21-0009,70
/TPI-FEED-PROGRESS/PID,/023A3-WES-PI,/023A3-WES-PI/10SS21,PIPE,/023A3-021402-150-WSS-10SS21-0004,70
/TPI-FEED-PROGRESS/PID,/023A3-WES-PI,/023A3-WES-PI/10SS21,PIPE,/023A3-021604-100-PW-10SS21-0007,70
/TPI-FEED-PROGRESS/PID,/023A3-WES-PI,/023A3-WES-PI/10SS21,PIPE,/023A3-021604-150-WSS-10SS21-0035,70
/TPI-FEED-PROGRESS/PID,/023A3-WES-PI,/023A3-WES-PI/10SS21,PIPE,/023A3-021402-100-WWG-10SS21-0027,70
/TPI-FEED-PROGRESS/PID,/023A3-WES-PI,/023A3-WES-PI/10SS21,PIPE,/A023A3-021604-150-WSS-10SS21-0007,70
/TPI-FEED-PROGRESS/PID,/023A3-WES-PI,/023A3-WES-PI/10SS21,PIPE,/023A3-021402-100-WWG-10SS21-0016,70
/TPI-FEED-PROGRESS/PID,/023A3-WES-PI,/023A3-WES-PI/10SS21,PIPE,/A23A3-021602-100-WSS-10SS21-0010,70
/TPI-FEED-PROGRESS/PID,/023A3-WES-PI,/023A3-WES-PI/10SS21,PIPE,/023A3-021604-150-WSS-10SS21-0026,70
/TPI-FEED-PROGRESS/PID,/023A3-WES-PI,/023A3-WES-PI/10SS21,PIPE,/023A3-021601-150-WSS-10SS21-0016,70
/TPI-FEED-PROGRESS/PID,/023A3-WES-PI,/023A3-WES-PI/10SS21,PIPE,/023A3-021402-150-WSS-10SS21-0006,70
/TPI-FEED-PROGRESS/PID,/023A3-WES-PI,/023A3-WES-PI/10SS21,PIPE,/023A3-021604-150-WSS-10SS21-0011,70
/TPI-FEED-PROGRESS/PID,/023A3-WES-PI,/023A3-WES-PI/10SS21,PIPE,/023A3-021402-150-WSS-10SS21-0002,70
/TPI-FEED-PROGRESS/PID,/023A3-WES-PI,/023A3-WES-PI/10SS21,PIPE,/023A3-021402-100-WWG-10SS21-0017,70
/TPI-FEED-PROGRESS/PID,/023A3-WES-PI,/023A3-WES-PI/10SS21,PIPE,/Copy-(2)-of-A4-021603-100-WSS-10SS21-0031,70
/TPI-FEED-PROGRESS/PID,/023A3-WES-PI,/023A3-WES-PI/10SS21,PIPE,/023A3-021604-150-WSS-10SS21-0041,70
/TPI-FEED-PROGRESS/PID,/023A3-WES-PI,/023A3-WES-PI/10SS21,PIPE,/023A3-021402-100-WWG-10SS21-0018,70
/TPI-FEED-PROGRESS/PID,/023A3-WES-PI,/023A3-WES-PI/10SS21,PIPE,/023A3-021602-100-WSS-10SS21-0008,70
/TPI-FEED-PROGRESS/PID,/023A3-WES-PI,/023A3-WES-PI/10SS21,PIPE,/023A3-021604-150-WSS-10SS21-0033,70
/TPI-FEED-PROGRESS/PID,/023A3-WES-PI,/023A3-WES-PI/10SS21,PIPE,/023A3-021402-100-WWG-10SS21-0006,70
/TPI-FEED-PROGRESS/PID,/023A3-WES-PI,/023A3-WES-PI/10SS21,PIPE,/023A3-021402-150-WSS-10SS21-0008,70
/TPI-FEED-PROGRESS/PID,/023A3-WES-PI,/023A3-WES-PI/10SS21,PIPE,/023A3-021604-150-WSS-10SS21-0015,70
/TPI-FEED-PROGRESS/PID,/023A3-WES-PI,/023A3-WES-PI/10SS21,PIPE,/023A3-021604-150-WSS-10SS21-0039,70
/TPI-FEED-PROGRESS/PID,/023A3-WES-PI,/023A3-WES-PI/10SS21,PIPE,/023A3-021402-200-WWG-10SS21-0031,70
/TPI-FEED-PROGRESS/PID,/023A3-WES-PI,/023A3-WES-PI/16SS21,PIPE,/023A3-021601-200-WSS-16SS21-0005,70
/TPI-FEED-PROGRESS/PID,/023A3-WES-PI,/023A3-WES-PI/10SS21,PIPE,/023A3-021402-100-WWG-10SS21-0028,70
/TPI-FEED-PROGRESS/PID,/023A3-WES-PI,/023A3-WES-PI/10SS21,PIPE,/023A3-021604-150-WSS-10SS21-0008,70
/TPI-FEED-PROGRESS/PID,/023A3-WES-PI,/023A3-WES-PI/10SS21,PIPE,/023A3-021604-150-WSS-10SS21-0023,70
/TPI-FEED-PROGRESS/PID,/023A3-WES-PI,/023A3-WES-PI/10SS21,PIPE,/023A3-021604-150-WSS-10SS21-0052,70
/TPI-FEED-PROGRESS/PID,/023A3-WES-PI,/023A3-WES-PI/10SS21,PIPE,/023A3-021402-100-WWG-10SS21-0020,70
/TPI-FEED-PROGRESS/PID,/023A3-WES-PI,/023A3-WES-PI/10SS21,PIPE,/023A3-021601-80-WSS-10SS21-0050,70
/TPI-FEED-PROGRESS/PID,/023A3-WES-PI,/023A3-WES-PI/10SS21,PIPE,/023A3-021604-150-WSS-10SS21-0029,70
/TPI-FEED-PROGRESS/PID,/023A3-WES-PI,/023A3-WES-PI/10SS21,PIPE,/023A3-021402-100-WWG-10SS21-0007,70
/TPI-FEED-PROGRESS/PID,/023A3-WES-PI,/023A3-WES-PI/10SS21,PIPE,/023A3-021402-150-WSS-10SS21-0010,70
/TPI-FEED-PROGRESS/PID,/023A3-WES-PI,/023A3-WES-PI/10SS21,PIPE,/023A3-021604-150-WSS-10SS21-0059,70
/TPI-FEED-PROGRESS/PID,/023A3-WES-PI,/023A3-WES-PI/10SS21,PIPE,/023A3-021921-200-PNW-10SS21-0002,70
/TPI-FEED-PROGRESS/PID,/023A3-WES-PI,/023A3-WES-PI/10SS21,PIPE,/023A3-021604-150-WSS-10SS21-0018,70
/TPI-FEED-PROGRESS/PID,/023A3-WES-PI,/023A3-WES-PI/10SS21,PIPE,/023A3-021604-150-WSS-10SS21-0043,70
/TPI-FEED-PROGRESS/PID,/023A3-WES-PI,/023A3-WES-PI/10SS21,PIPE,/023A3-021402-100-WWG-10SS21-0022,70
/TPI-FEED-PROGRESS/PID,/023A3-WES-PI,/023A3-WES-PI/10SS21,PIPE,/023A3-021601-100-MD2-16SU21-0003,70
/TPI-FEED-PROGRESS/PID,/023A3-WES-PI,/023A3-WES-PI/10SS21,PIPE,/023A3-021604-150-WSS-10SS21-0032,70
/TPI-FEED-PROGRESS/PID,/023A3-WES-PI,/023A3-WES-PI/10SS21,PIPE,/023A3-021604-150-WSS-10SS21-0016,70
/TPI-FEED-PROGRESS/PID,/023A3-WES-PI,/023A3-WES-PI/10SS21,PIPE,/023A3-021402-100-WWG-10SS21-0011,70
/TPI-FEED-PROGRESS/PID,/023A3-WES-PI,/023A3-WES-PI/10SS21,PIPE,/023A3-021402-100-WWS-10SS21-0012,70
/TPI-FEED-PROGRESS/PID,/023A3-WES-PI,/023A3-WES-PI/10SS21,PIPE,/023A3-021601-80-WSS-10SS21-0049,70
/TPI-FEED-PROGRESS/PID,/023A3-WES-PI,/023A3-WES-PI/10SS21,PIPE,/023A4-021921-150-PNW-10SS21-0003,70
/TPI-FEED-PROGRESS/PID,/023A3-WES-PI,/023A3-WES-PI/10SS21,PIPE,/023A3-021402-150-WSS-10SS21-0001,70
/TPI-FEED-PROGRESS/PID,/023A3-WES-PI,/023A3-WES-PI/10SS21,PIPE,/023A3-021604-150-WSS-10SS21-0010,70
/TPI-FEED-PROGRESS/PID,/023A3-WES-PI,/023A3-WES-PI/10SS21,PIPE,/023A3-021402-100-WWG-10SS21-0024,70
/TPI-FEED-PROGRESS/PID,/023A3-WES-PI,/023A3-WES-PI/10SS21,PIPE,/023A3-021604-150-PW-10SS21-0001,70
/TPI-FEED-PROGRESS/PID,/023A3-WES-PI,/023A3-WES-PI/10SS21,PIPE,/023A3-021604-150-WSS-10SS21-0037,70
/TPI-FEED-PROGRESS/PID,/023A3-WES-PI,/023A3-WES-PI/10SS21,PIPE,/023A3-021402-100-WWG-10SS21-0030,70
/TPI-FEED-PROGRESS/PID,/023A3-WES-PI,/023A3-WES-PI/10SS21,PIPE,/023A3-021402-100-WWG-10SS21-0013,70
/TPI-FEED-PROGRESS/PID,/023A3-WES-PI,/023A3-WES-PI/10SS21,PIPE,/023A3-021402-150-WSS-10SS21-0014,70
/TPI-FEED-PROGRESS/PID,/023A3-WES-PI,/023A3-WES-PI/10SS21,PIPE,/023A3-021604-150-WSS-10SS21-0024,70
/TPI-FEED-PROGRESS/PID,/023A3-WES-PI,/023A3-WES-PI/10SS21,PIPE,/023A3-021921-100-PNW-10SS21-0009,70
/TPI-FEED-PROGRESS/PID,/023A3-WES-PI,/023A3-WES-PI/10SS21,PIPE,/023A3-021402-150-WSS-10SS21-0003,70
/TPI-FEED-PROGRESS/PID,/023A3-WES-PI,/023A3-WES-PI/10SS21,PIPE,/023A3-021604-150-WSS-10SS21-0019,70
/TPI-FEED-PROGRESS/PID,/023A3-WES-PI,/023A3-WES-PI/10SS21,PIPE,/023A3-021604-150-WSS-10SS21-0028,70
/TPI-FEED-PROGRESS/PID,/023A3-WES-PI,/023A3-WES-PI/10SS21,PIPE,/023A3-021604-150-WSS-10SS21-0046,70
/TPI-FEED-PROGRESS/PID,/023A3-WES-PI,/023A3-WES-PI/10SS21,PIPE,/023A3-021402-100-WWG-10SS21-0026,70
/TPI-FEED-PROGRESS/PID,/023A3-WES-PI,/023A3-WES-PI/10SS21,PIPE,/023A3-021604-150-WSS-10SS21-0003,70
/TPI-FEED-PROGRESS/PID,/023A3-WES-PI,/023A3-WES-PI/10SS21,PIPE,/023A3-021604-150-WSS-10SS21-0053,70
/TPI-FEED-PROGRESS/PID,/023A3-WES-PI,/023A3-WES-PI/10SS21,PIPE,/023A3-021402-150-WSS-10SS21-0007,70
/TPI-FEED-PROGRESS/PID,/023A3-WES-PI,/023A3-WES-PI/10SS21,PIPE,/023A3-021402-100-WWG-10SS21-0015,70
/TPI-FEED-PROGRESS/PID,/023A3-WES-PI,/023A3-WES-PI/10SS21,PIPE,/023A3-021402-200-WWG-10SS21-0032,70
/TPI-FEED-PROGRESS/PID,/023A3-WES-PI,/023A3-WES-PI/10SS21,PIPE,/023A3-021604-150-WSS-10SS21-0034,70
/TPI-FEED-PROGRESS/PID,/023A3-WES-PI,/023A3-WES-PI/10SS21,PIPE,/023A3-021601-150-WSS-10SS21-0017,70
/TPI-FEED-PROGRESS/PID,/023A3-WES-PI,/023A3-WES-PI/10SS21,PIPE,/023A3-021402-150-WSS-10SS21-0005,70
/TPI-FEED-PROGRESS/PID,/023A3-WES-PI,/023A3-WES-PI/10SS21,PIPE,/023A3-021604-150-WSS-10SS21-0058,70
/TPI-FEED-PROGRESS/PID,/023A3-WES-PI,/023A3-WES-PI/10SS21,PIPE,/023A3-021604-100-WSS-10SS21-0049,70
/TPI-FEED-PROGRESS/PID,/023A3-WES-PI,/023A3-WES-PI/10SS21,PIPE,/023A3-021601-100-MD2-16SU21-0023,70
/TPI-FEED-PROGRESS/PID,/023A3-WES-PI,/023A3-WES-PI/10SS21,PIPE,/A023A3-021604-150-WSS-10SS21-0005,70
/TPI-FEED-PROGRESS/PID,/023A3-WES-PI,/023A3-WES-PI/10SS21,PIPE,/023A3-021604-150-WSS-10SS21-0040,70
/TPI-FEED-PROGRESS/PID,/023A3-WES-PI,/023A3-WES-PI/10SS21,PIPE,/023A3-021602-100-WSS-10SS21-0007,70
/TPI-FEED-PROGRESS/PID,/023A3-WES-PI,/023A3-WES-PI/10SS21,PIPE,/023A3-021604-150-WSS-10SS21-0027,70
/TPI-FEED-PROGRESS/PID,/023A3-WES-PI,/023A3-WES-PI/10SS21,PIPE,/023A3-021402-100-WWG-10SS21-0005,70
/TPI-FEED-PROGRESS/PID,/023A3-WES-PI,/023A3-WES-PI/10SS21,PIPE,/023A3-021604-150-WSS-10SS21-0013,70
/TPI-FEED-PROGRESS/PID,/023A3-WES-PI,/023A3-WES-PI/10SS21,PIPE,/023A3-021601-150-PV-10SS21-0011,70
/TPI-FEED-PROGRESS/PID,/023A3-WES-PI,/023A3-WES-PI/10SS21,PIPE,/023A3-021604-150-WSS-10SS21-0042,70
/TPI-FEED-PROGRESS/PID,/023A3-WES-PI,/023A3-WES-PI/10SS21,PIPE,/023A3-021402-100-WWG-10SS21-0019,70
/TPI-FEED-PROGRESS/PID,/023A3-WES-PI,/023A3-WES-PI/10SS21,PIPE,/023A3-021602-100-WSS-10SS21-0009,70
/TPI-FEED-PROGRESS/PID,/023A3-WES-PI,/023A3-WES-PI/10SS21,PIPE,/023A3-021919-400-PNW-10SS21-0003,70
/TPI-FEED-PROGRESS/PID,/023A3-WES-PI,/023A3-WES-PI/10SS21,PIPE,/023A3-021402-100-WWS-10SS21-0009,70
/TPI-FEED-PROGRESS/PID,/023A3-WES-PI,/023A3-WES-PI/10SS21,PIPE,/023A3-021604-150-WSS-10SS21-0022,70
/TPI-FEED-PROGRESS/PID,/023A3-WES-PI,/023A3-WES-PI/16SS21,PIPE,/023A3-021602-100-WSS-16SS21-0006,70
/TPI-FEED-PROGRESS/PID,/023A3-WES-PI,/023A3-WES-PI/10SS21,PIPE,/023A3-021402-100-WWG-10SS21-0029,70
/TPI-FEED-PROGRESS/PID,/023A3-WES-PI,/023A3-WES-PI/10SS21,PIPE,/023A3-021604-150-WSS-10SS21-0017,70
/TPI-FEED-PROGRESS/PID,/023A3-WES-PI,/023A3-WES-PI/10SS21,PIPE,/023A3-021604-150-WSS-10SS21-0051,70
/TPI-FEED-PROGRESS/PID,/023A3-WES-PI,/023A3-WES-PI/10SS21,PIPE,/023A3-021604-150-WSS-10SS21-0044,70
/TPI-FEED-PROGRESS/PID,/023A3-WES-PI,/023A3-WES-PI/10SS21,PIPE,/023A3-021402-100-WWG-10SS21-0021,70
/TPI-FEED-PROGRESS/PID,/023A3-WES-PI,/023A3-WES-PI/10SS21,PIPE,/023A3-021604-150-WSS-10SS21-0030,70
/TPI-FEED-PROGRESS/PID,/023A3-WES-PI,/023A3-WES-PI/10SS21,PIPE,/023A3-021402-100-WWG-10SS21-0008,70
/TPI-FEED-PROGRESS/PID,/023A3-WES-PI,/023A3-WES-PI/10SS21,PIPE,/023A3-021402-100-WWS-10SS21-0011,70
/TPI-FEED-PROGRESS/PID,/023A3-WES-PI,/023A3-WES-PI/10SS21,PIPE,/023A3-021604-150-WSS-10SS21-0020,70
/TPI-FEED-PROGRESS/PID,/023A3-WES-PI,/023A3-WES-PI/10SS21,PIPE,/023A3-021921-150-PNW-10SS21-0003,70
/TPI-FEED-PROGRESS/PID,/023A3-WES-PI,/023A3-WES-PI/10SS21,PIPE,/023A4-021921-200-PNW-10SS21-0002,70
/TPI-FEED-PROGRESS/PID,/023A3-WES-PI,/023A3-WES-PI/10SS21,PIPE,/023A3-021402-100-WWG-10SS21-0034,70
/TPI-FEED-PROGRESS/PID,/023A3-WES-PI,/023A3-WES-PI/10SS21,PIPE,/023A3-021604-150-WSS-10SS21-0057,70
/TPI-FEED-PROGRESS/PID,/023A3-WES-PI,/023A3-WES-PI/10SS21,PIPE,/023A3-021604-150-WSS-10SS21-0050,70
/TPI-FEED-PROGRESS/PID,/023A3-WES-PI,/023A3-WES-PI/10SS21,PIPE,/023A3-021402-100-WWG-10SS21-0023,70
/TPI-FEED-PROGRESS/PID,/023A3-WES-PI,/023A3-WES-PI/10SS21,PIPE,/023A3-021601-80-WSS-10SS21-0051,70
/TPI-FEED-PROGRESS/PID,/023A3-WES-PI,/023A3-WES-PI/10SS21,PIPE,/023A3-021601-80-WSS-10SS21-0052,70
/TPI-FEED-PROGRESS/PID,/023A3-WES-PI,/023A3-WES-PI/10SS21,PIPE,/023A3-021604-150-WSS-10SS21-0031,70
/TPI-FEED-PROGRESS/PID,/023A3-WES-PI,/023A3-WES-PI/10SS21,PIPE,/023A3-021402-100-WWG-10SS21-0012,70
/TPI-FEED-PROGRESS/PID,/023A3-WES-PI,/023A3-WES-PI/10SS21,PIPE,/023A3-021402-100-WWS-10SS21-0013,70
/TPI-FEED-PROGRESS/PID,/023A3-WES-PI,/023A3-WES-PI/10SS21,PIPE,/023A3-021604-150-WSS-10SS21-0036,70
/TPI-FEED-PROGRESS/PID,/023A3-WES-PI,/023A3-WES-PI/10SS21,PIPE,/023A3-021604-150-WSS-10SS21-0012,70
/TPI-FEED-PROGRESS/PID,/023A3-WES-PI,/023A3-WES-PI/10SS21,PIPE,/023A3-021604-150-WSS-10SS21-0045,70
/TPI-FEED-PROGRESS/SUPPORT,/023A1-WES-PI,/023A1-WES-PI/10SS21,PIPE,/023A1-021403-200-WWG-10SS21-0047,0
/TPI-FEED-PROGRESS/STRESS,/023A1-WES-PI,/023A1-WES-PI/10SS21,PIPE,/023A1-021403-200-WWG-10SS21-0047,0
/TPI-FEED-PROGRESS/PIPING/ISOMETRIC,/1330R7-INT-PI,/1330R7-INT-PI-25CS22,PIPE,/1330R7-001704-100-LS-25CS22-0003,0
/TPI-FEED-PROGRESS/PIPING/ISOMETRIC,/024A1-GLU-PI,/024A1-GLU-PI/16SS21,PIPE,/024A1-021403-150-WWG-16SS21-0037,0
/TPI-FEED-PROGRESS/PIPING/ISOMETRIC,/028A2-BPL-PI,/028A2-BPL-PI-16SS21,PIPE,/028A2-021908-25-PA-16SS21-0036,30
/TPI-FEED-PROGRESS/PIPING/ISOMETRIC,/028A2-BPL-PI,/028A2-BPL-PI-10SS21,PIPE,/028A1-001704-50-PA-10SS21-0009,30
/TPI-FEED-PROGRESS/PIPING/ISOMETRIC,/028A2-BPL-PI,/028A2-BPL-PI-10SS21,PIPE,/028A2-021908-50-PA-10SS21-0037,30
/TPI-FEED-PROGRESS/PIPING/ISOMETRIC,/028A2-BPL-PI,/028A2-BPL-PI-10SS21,PIPE,/028A2-001704-50-PA-10SS21-0046,30
/TPI-FEED-PROGRESS/PIPING/ISOMETRIC,/028A2-BPL-PI,/028A2-BPL-PI-10SS21,PIPE,/028A2-021908-50-PA-10SS21-0042,30
/TPI-FEED-PROGRESS/PIPING/ISOMETRIC,/023A1-WES-PI,/023A1-WES-PI/10SS21,PIPE,/023A1-021403-200-WWG-10SS21-0047,30
/TPI-FEED-PROGRESS/PIPING/ISOMETRIC,/024A2-GLU-PI,/024A2-GLU-PI/10SS21,PIPE,/024A2-001704-50-PA-10SS21-0046,30
/TPI-FEED-PROGRESS/PIPING/ISOMETRIC,/024A2-GLU-PI,/024A2-GLU-PI/25CS22,PIPE,/024A2-001704-100-LS-25CS22-0003,30
/TPI-FEED-PROGRESS/PIPING/ISOMETRIC,/1300R1-INT-PI,/1300R1-INT-PI-16CS22,PIPE,/1330R1-001704-300-LS-16CS22-0004,60
/TPI-FEED-PROGRESS/PIPING/ISOMETRIC,/1300R1-INT-PI,/1300R1-INT-PI-10SS21,PIPE,/1330R1-001704-250-PNW-10SS21-0003,60
/TPI-FEED-PROGRESS/PIPING/ISOMETRIC,/1300R1-INT-PI,/1300R1-INT-PI-16CS22,PIPE,/1330R1-001704-400-LS-16CS22-0003,60
/TPI-FEED-PROGRESS/PIPING/ISOMETRIC,/1300R1-INT-PI,/1300R1-INT-PI-10SS21,PIPE,/1330R1-001704-80-IA-10SS21-0001,60
/TPI-FEED-PROGRESS/PIPING/ISOMETRIC,/1300R1-INT-PI,/1300R1-INT-PI-16SS21,PIPE,/1330R1-001704-80-PA-16SS21-0001,60
/TPI-FEED-PROGRESS/PIPING/ISOMETRIC,/1300R1-INT-PI,/1300R1-INT-PI-10SS21,PIPE,/1330R1-001704-200-WW-10SS21-0001,60
/TPI-FEED-PROGRESS/PIPING/ISOMETRIC,/1300R1-INT-PI,/1300R1-INT-PI-10SS21,PIPE,/1330R1-001704-150-WSS-10SS21-0002,60
/TPI-FEED-PROGRESS/PIPING/ISOMETRIC,/1300R1-INT-PI,/1330R1-INT-PIPE,PIPE,/1330R1-001704-150-RW-HOLD-0001,60
/TPI-FEED-PROGRESS/PIPING/ISOMETRIC,/1300R1-INT-PI,/1300R1-INT-PI-16CS22,PIPE,/1330R1-001704-100-SC-16CS22-0004,60
/TPI-FEED-PROGRESS/PIPING/ISOMETRIC,/1300R1-INT-PI,/1300R1-INT-PI-16CS22,PIPE,/1330R1-001704-50-NA2-16CS22-0001,60
/TPI-FEED-PROGRESS/PIPING/ISOMETRIC,/1300R1-INT-PI,/1300R1-INT-PI-10SS21,PIPE,/1330R1-001704-80-PC-10SS21-0001,60
/TPI-FEED-PROGRESS/PIPING/ISOMETRIC,/1300R1-INT-PI,/1300R1-INT-PI-10PU46,PIPE,/1330R1-001704-50-WWP-10PU46-0001,60
/TPI-FEED-PROGRESS/PIPING/ISOMETRIC,/1300R1-INT-PI,/1300R1-INT-PI-25CS22,PIPE,/1330R1-001704-400-LS-25CS22-0004,60
/TPI-FEED-PROGRESS/PIPING/ISOMETRIC,/1330R2-INT-PI,/1330R2-INT-PIPE,PIPE,/1330R2-001704-150-HOLD-HOLD-HOLD-HC,60
/TPI-FEED-PROGRESS/PIPING/ISOMETRIC,/1330R2-INT-PI,/1330R2-INT-PIPE,PIPE,/1330R2-001704-150-HOLD-HOLD-HOLD-PP,60
/TPI-FEED-PROGRESS/PIPING/ISOMETRIC,/1330R2-INT-PI,/1330R2-INT-PI-10SS21,PIPE,/1330R2-001704-80-WSS-10SS21-0001,60
/TPI-FEED-PROGRESS/PIPING/ISOMETRIC,/1330R2-INT-PI,/1330R2-INT-PI-16SS21,PIPE,/1330R2-001704-50-WSS-16SS21-0001,60
/TPI-FEED-PROGRESS/PIPING/ISOMETRIC,/1330R2-INT-PI,/1330R2-INT-PI-16SS21,PIPE,/1330R2-001704-80-PA-16SS21-0001,60
/TPI-FEED-PROGRESS/PIPING/ISOMETRIC,/1330R2-INT-PI,/1330R2-INT-PI-10SS21,PIPE,/1330R2-001704-200-WW-10SS21-0001,60
/TPI-FEED-PROGRESS/PIPING/ISOMETRIC,/1330R2-INT-PI,/1330R2-INT-PIPE,PIPE,/1330R2-001704-150-HW-HOLD-0001-HC,60
/TPI-FEED-PROGRESS/PIPING/ISOMETRIC,/1330R2-INT-PI,/1330R2-INT-PI-16CS22,PIPE,/1330R2-001704-50-NA2-16CS22-0001,60
/TPI-FEED-PROGRESS/PIPING/ISOMETRIC,/1330R2-INT-PI,/1330R2-INT-PI-16CS22,PIPE,/1130R2-001704-100-SC-16CS22-0001,60
/TPI-FEED-PROGRESS/PIPING/ISOMETRIC,/1330R2-INT-PI,/1330R2-INT-PI-10SS21,PIPE,/1330R2-001704-80-IA-10SS21-0001,60
/TPI-FEED-PROGRESS/PIPING/ISOMETRIC,/1330R2-INT-PI,/1330R2-INT-PIPE,PIPE,/1330R2-001704-150-HW-HOLD-0002-PP,60
/TPI-FEED-PROGRESS/PIPING/ISOMETRIC,/1330R2-INT-PI,/1330R2-INT-PIPE,PIPE,/1330R2-001704-150-RW-HOLD-0001,60
/TPI-FEED-PROGRESS/PIPING/ISOMETRIC,/1330R2-INT-PI,/1330R2-INT-PI-25CS22,PIPE,/1330R2-001704-400-LS-25CS22-0004,60
/TPI-FEED-PROGRESS/PIPING/ISOMETRIC,/1330R2-INT-PI,/1330R2-INT-PI-10PU46,PIPE,/1330R2-001704-50-WWP-10PU46-0001,60
/TPI-FEED-PROGRESS/PIPING/ISOMETRIC,/1330R2-INT-PI,/1330R2-INT-PI-10SS21,PIPE,/1330R2-001704-250-PNW-10SS21-0003,60
/TPI-FEED-PROGRESS/PIPING/ISOMETRIC,/1330R2-INT-PI,/1330R2-INT-PI-10CS21,PIPE,/1330R2-001704-300-CWR2-10CS21-0002,60
/TPI-FEED-PROGRESS/PIPING/ISOMETRIC,/1330R3-INT-PI,/1330R3-INT-PI-16CS22,PIPE,/1330R3-001704-50-NA2-16CS22-0001,60
/TPI-FEED-PROGRESS/PIPING/ISOMETRIC,/1330R3-INT-PI,/1330R3-INT-PI-10PU46,PIPE,/1330R3-001704-50-WWP-10PU46-0001,60
/TPI-FEED-PROGRESS/PIPING/ISOMETRIC,/1330R3-INT-PI,/1330R3-INT-PI-10SS21,PIPE,/1330R3-001704-80-PC-10SS21-0001,60
/TPI-FEED-PROGRESS/PIPING/ISOMETRIC,/1330R4-INT-PI,/1330R4-INT-PI-10SS21,PIPE,/1330R4-001704-80-WSS-10SS21-0001,60
/TPI-FEED-PROGRESS/PIPING/ISOMETRIC,/1330R4-INT-PI,/1330R4-INT-PIPE,PIPE,/1330R4-001704-150-RW-HOLD-0001,60
/TPI-FEED-PROGRESS/PIPING/ISOMETRIC,/1330R4-INT-PI,/1330R4-INT-PI-16SS21,PIPE,/1330R4-001704-150-HW-16SS21-00X2-PP,60
/TPI-FEED-PROGRESS/PIPING/ISOMETRIC,/1330R4-INT-PI,/1330R4-INT-PI-16SS21,PIPE,/1330R4-001704-150-HW-16SS21-000X-HC,60
/TPI-FEED-PROGRESS/PIPING/ISOMETRIC,/1330R4-INT-PI,/1330R4-INT-PI-10SS21,PIPE,/1330R4-001704-250-PNW-10SS21-0003,60
/TPI-FEED-PROGRESS/PIPING/ISOMETRIC,/1330R4-INT-PI,/1330R4-INT-PI-10SS21,PIPE,/1330R4-001704-200-WW-10SS21-0001,60
/TPI-FEED-PROGRESS/PIPING/ISOMETRIC,/1330R4-INT-PI,/1330R4-INT-PI-16CS22,PIPE,/1330R4-001704-100-SC-16CS22-0004,60
/TPI-FEED-PROGRESS/PIPING/ISOMETRIC,/1330R4-INT-PI,/1330R4-INT-PI-16SS21,PIPE,/1330R4-001704-50-WSS-16SS21-0001,60
/TPI-FEED-PROGRESS/PIPING/ISOMETRIC,/1330R4-INT-PI,/1330R4-INT-PI-10SS21,PIPE,/1330R4-001704-80-IA-10SS21-0001,60
/TPI-FEED-PROGRESS/PIPING/ISOMETRIC,/1330R4-INT-PI,/1330R4-INT-PI-25CS22,PIPE,/1330R4-001704-400-LS-25CS22-0001,60
/TPI-FEED-PROGRESS/PIPING/ISOMETRIC,/1330R4-INT-PI,/1330R4-INT-PI-16SS21,PIPE,/1330R4-001704-80-PA-16SS21-0001,60
/TPI-FEED-PROGRESS/PIPING/ISOMETRIC,/1330R5-INT-PI,/1330R5-INT-PI-10CS21,PIPE,/1330R5-001704-300-CWS2-10CS21-0002,60
/TPI-FEED-PROGRESS/PIPING/ISOMETRIC,/1330R5-INT-PI,/1330R5-INT-PI-10CS21,PIPE,/1330R5-001704-300-CWR2-10CS21-0002,60
/TPI-FEED-PROGRESS/PIPING/ISOMETRIC,/1330R5-INT-PI,/1330R5-INT-PIPE,PIPE,/1330R5-001704-150-HW--HOLD-0001-HC,60
/TPI-FEED-PROGRESS/PIPING/ISOMETRIC,/1330R5-INT-PI,/1330R5-INT-PIPE,PIPE,/1330R5-001704-150-HW-HOLD-0002-PP,60
/TPI-FEED-PROGRESS/PIPING/ISOMETRIC,/1330R5-INT-PI,/1330R5-INT-PI-10PV46,PIPE,/1330R5-001704-50-HA3-10PV46-0001,60
/TPI-FEED-PROGRESS/PIPING/ISOMETRIC,/1330R5-INT-PI,/1330R5-INT-PI-16CS22,PIPE,/1330R5-001704-50-NA2-16CS22-0001,60
/TPI-FEED-PROGRESS/PIPING/ISOMETRIC,/1330R5-INT-PI,/1330R5-INT-PI-10SS21,PIPE,/1330R5-001704-80-WSS-10SS21-0001,60
/TPI-FEED-PROGRESS/PIPING/ISOMETRIC,/1330R5-INT-PI,/1330R5-INT-PI-10SS21,PIPE,/1330R5-001704-150-WSS-10SS21-0002,60
/TPI-FEED-PROGRESS/PIPING/ISOMETRIC,/1330R5-INT-PI,/1330R5-INT-PI-10SS21,PIPE,/1330R5-001704-80-PC-10SS21-0001,60
/TPI-FEED-PROGRESS/PIPING/ISOMETRIC,/1330R5-INT-PI,/1330R5-INT-PI-10SS21,PIPE,/1330R5-001704-50-AI-10SS21-0005,60
/TPI-FEED-PROGRESS/PIPING/ISOMETRIC,/1330R5-INT-PI,/1330R5-INT-PI-16SS21,PIPE,/1330R5-001704-80-PA-16SS21-0001,60
/TPI-FEED-PROGRESS/PIPING/ISOMETRIC,/1330R5-INT-PI,/1330R5-INT-PI-25CS22,PIPE,/1330R5-001704-350-LS-25CS22-0001,60
/TPI-FEED-PROGRESS/PIPING/ISOMETRIC,/1330R5-INT-PI,/1330R5-INT-PI-16CS22,PIPE,/1330R5-001704-300-LSP-16CS22-0004,60
/TPI-FEED-PROGRESS/PIPING/ISOMETRIC,/1330R5-INT-PI,/1330R5-INT-PI-16CS22,PIPE,/1330R5-001704-100-SC-16CS22-0001,60
/TPI-FEED-PROGRESS/PIPING/ISOMETRIC,/1330R5-INT-PI,/1330R5-INT-PI-10SS21,PIPE,/1330R5-001704-250-PNW-10SS21-0001,60
/TPI-FEED-PROGRESS/PIPING/ISOMETRIC,/1330R5-INT-PI,/1330R5-INT-PI-16SS21,PIPE,/1330R5-001704-50-WSS-16SS21-0001,60
/TPI-FEED-PROGRESS/PIPING/ISOMETRIC,/1330R6-INT-PI,/1330R6-INT-PI-10CS21,PIPE,/1330R6-001704-250-CWS2-10CS21-0003,60
/TPI-FEED-PROGRESS/PIPING/ISOMETRIC,/1330R6-INT-PI,/1330R6-INT-PI-10SS21,PIPE,/1330R6-001704-50-PA-10SS21-0008,60
/TPI-FEED-PROGRESS/PIPING/ISOMETRIC,/1330R6-INT-PI,/1330R6-INT-PI-25CS22,PIPE,/1330R6-001704-250-LS-25CS22-HOLD,60
/TPI-FEED-PROGRESS/PIPING/ISOMETRIC,/1330R6-INT-PI,/1330R6-INT-PI-10SS21,PIPE,/1330R6-001704-100-PNW-10SS21-0003,60
/TPI-FEED-PROGRESS/PIPING/ISOMETRIC,/1330R6-INT-PI,/1330R6-INT-PI-10CS21,PIPE,/1330R6-001704-250-CWR1-10CS21-0003,60
/TPI-FEED-PROGRESS/PIPING/ISOMETRIC,/1330R6-INT-PI,/1330R6-INT-PI-10SS21,PIPE,/1330R6-001704-50-IA-10SS21-0001,60
/TPI-FEED-PROGRESS/PIPING/ISOMETRIC,/1330R6-INT-PI,/1330R6-INT-PI-10PV46,PIPE,/1330R6-001704-50-WWP1-10PV46-0001,60
/TPI-FEED-PROGRESS/PIPING/ISOMETRIC,/1330R6-INT-PI,/1330R6-INT-PI-16CS22,PIPE,/1330R6-001704-400-LSP-16CS22-0003,60
/TPI-FEED-PROGRESS/PIPING/ISOMETRIC,/1330R6-INT-PI,/1330R6-INT-PI-10SS21,PIPE,/1330R6-001704-200-WW-10SS21-0001,60
/TPI-FEED-PROGRESS/PIPING/ISOMETRIC,/1330R7-INT-PI,/1330R7-INT-PI-10SS21,PIPE,/1330R7-001704-50-PA-10SS21-0046,60
/TPI-FEED-PROGRESS/PIPING/ISOMETRIC,/1330R7-INT-PI,/1330R7-INT-PI-10SS21,PIPE,/1330R7-001704-50-PA-10SS21-0006,60
/TPI-FEED-PROGRESS/PIPING/ISOMETRIC,/1330R7-INT-PI,/1330R7-INT-PI-10SS21,PIPE,/1330R7-001704-150-WGL-10SS21-0001,60
/TPI-FEED-PROGRESS/PIPING/ISOMETRIC,/1330R7-INT-PI,/1330R7-INT-PI-10SS21,PIPE,/1330R7-001704-150-WGL-10SS21-0004,60
/TPI-FEED-PROGRESS/PIPING/ISOMETRIC,/1330R7-INT-PI,/1330R7-INT-PI-10SS21,PIPE,/1330R7-001704-150-WGL-10SS21-0002,60
/TPI-FEED-PROGRESS/PIPING/ISOMETRIC,/024A1-GLU-PI,/024A1-GLU-PI/10SS21,PIPE,/cancelled024A1-021405-150-WGL-10SS21-0002,60
/TPI-FEED-PROGRESS/PIPING/ISOMETRIC,/024A1-GLU-PI,/024A1-GLU-PI/10SS21,PIPE,/024A1-021404-150-WGL-10SS21-0001,60
/TPI-FEED-PROGRESS/PIPING/ISOMETRIC,/024A1-GLU-PI,/024A1-GLU-PI/25CS22,PIPE,/cancelled,60
/TPI-FEED-PROGRESS/PIPING/ISOMETRIC,/024A1-GLU-PI,/024A1-GLU-PI/25CS22,PIPE,/024A1-cancelled,60
/TPI-FEED-PROGRESS/PIPING/ISOMETRIC,/024A1-GLU-PI,/024A1-GLU-PI/10SS21,PIPE,/cancelled024A1-021405-150-WGL-10SS21-0006,60
/TPI-FEED-PROGRESS/PIPING/ISOMETRIC,/024A1-GLU-PI,/024A1-GLU-PI/10SS21,PIPE,/024A1-021404-150-WGL-10SS21-0002,60
/TPI-FEED-PROGRESS/PIPING/ISOMETRIC,/024A1-GLU-PI,/024A1-GLU-PI/10SS21,PIPE,/024A1-021404-150-WGL-10SS21-0003,60
/TPI-FEED-PROGRESS/PIPING/ISOMETRIC,/024A1-GLU-PI,/024A1-GLU-PI/25CS22,PIPE,/024Acancelled,60
/TPI-FEED-PROGRESS/PIPING/ISOMETRIC,/024A1-GLU-PI,/024A1-GLU-PI/10SS21,PIPE,/cancelled024A1-021405-150-WGL-10SS21-0001,60
/TPI-FEED-PROGRESS/PIPING/ISOMETRIC,/024A1-GLU-PI,/024A1-GLU-PI/16SS21,PIPE,/024A1-021403-150-WWG-16SS21-0034,60
/TPI-FEED-PROGRESS/PIPING/ISOMETRIC,/024A1-GLU-PI,/024A1-GLU-PI/16SS21,PIPE,/024A1-021403-150-WWG-16SS21-0036,60
/TPI-FEED-PROGRESS/PIPING/ISOMETRIC,/027A1-SEV-PI,/UNDERGROUND,PIPE,/001000-200-WF-HOLD-0010,60
/TPI-FEED-PROGRESS/PIPING/ISOMETRIC,/027A1-SEV-PI,/UNDERGROUND,PIPE,/001000-150-WF-HOLD-0008,60
/TPI-FEED-PROGRESS/PIPING/ISOMETRIC,/027A1-SEV-PI,/UNDERGROUND,PIPE,/001000-150-WF-HOLD-0005,60
/TPI-FEED-PROGRESS/PIPING/ISOMETRIC,/027A1-SEV-PI,/UNDERGROUND,PIPE,/001000-200-WF-HOLD-0002,60
/TPI-FEED-PROGRESS/PIPING/ISOMETRIC,/027A1-SEV-PI,/UNDERGROUND,PIPE,/001000-150-WF-HOLD-0006,60
/TPI-FEED-PROGRESS/PIPING/ISOMETRIC,/027A1-SEV-PI,/UNDERGROUND,PIPE,/001000-150-WF-HOLD-0009,60
/TPI-FEED-PROGRESS/PIPING/ISOMETRIC,/027A1-SEV-PI,/UNDERGROUND,PIPE,/001000-200-WF-HOLD-0003,60
/TPI-FEED-PROGRESS/PIPING/ISOMETRIC,/027A1-SEV-PI,/UNDERGROUND,PIPE,/001000-150-WF-HOLD-0011,60
/TPI-FEED-PROGRESS/PIPING/ISOMETRIC,/027A1-SEV-PI,/UNDERGROUND,PIPE,/001000-150-WF-HOLD-0007,60
/TPI-FEED-PROGRESS/PIPING/ISOMETRIC,/027A1-SEV-PI,/UNDERGROUND,PIPE,/001000-150-WF-HOLD-0004,60
/TPI-FEED-PROGRESS/PIPING/ISOMETRIC,/027A1-SEV-PI,/UNDERGROUND,PIPE,/001000-150-WF-HOLD-0001,60
